Product Name,Price (PKR),Product Link,Image URL
Samsung Galaxy A15 (4G 8GB 256GB Light Blue) With Official...,"Rs 54,999",https://homeshopping.pk/products/Samsung-Galaxy-A15-8GB-256GB-Light-Blue-Price-in-Pakistan.html,https://cdn.homeshopping.pk/product_images/s/538/WhatsApp_Image_2024-02-29_at_1.54.16_AM_%282%29__17889_thumb.jpg
Apple Wireless Charging Case for AirPods (Series...,"Rs 6,999",https://homeshopping.pk/products/Apple-Wireless-Charging-Case-Price-in-Pakistan.html,https://cdn.homeshopping.pk/product_images/o/688/apple_wireless_charging_case_for_airpods_3_-_tejar__08416_thumb.jpg
Tecno Spark Go 2024 (4G 4GB 64GB Magic Skin) With ...,"Rs 23,499",https://homeshopping.pk/products/Tecno-Spark-Go-2024-64GB-Magic-Skin-Price-in-Pakistan.html,https://cdn.homeshopping.pk/product_images/s/691/Tecno-Spark-Go-2024-Magic-Skin-1__85207_thumb.png
Tecno Pop 7 (4G 2GB 64GB Capri Blue) - With Offici...,"Rs 20,199",https://homeshopping.pk/products/Tecno-Pop-7-4GB-64GB-Blue-Price-in-Pakistan.html,https://cdn.homeshopping.pk/product_images/y/832/Tecno-Pop-7-Capri-Blue-1__74365_thumb.png
Tecno Spark 20 Pro (4G 8GB 256GB Sunset Blush) Wit...,"Rs 38,999",https://homeshopping.pk/products/Tecno-Spark-20-Pro-8GB-256GB-Sunset-Blush-Price-in-Pakistan.html,https://cdn.homeshopping.pk/product_images/c/480/Tecno-Spark-20-Pro-Sunset-Blush-1__19799_thumb.png
Infinix Smart 8 Plus (4G 4GB 64GB Timber Black) Wi...,"Rs 27,199",https://homeshopping.pk/products/Infinix-Smart-8-Plus-4GB-64GB-Black-Price-in-Pakistan.html,https://cdn.homeshopping.pk/product_images/y/364/infinix_6__78316_thumb.jpg
Xiaomi Redmi 13C (4G 6GB 128GB Glacier White) With...,"Rs 30,999",https://homeshopping.pk/products/Xiaomi-Redmi-13C-128GB-Glacier-White-Price-in-Pakistan.html,https://cdn.homeshopping.pk/product_images/w/712/Xiaomi-Redmi-13C-Glacier-White-2__36102_thumb.jpg
Vivo Y22 (4G 4GB 64GB Blue) With Official Warranty,"Rs 32,999",https://homeshopping.pk/products/Vivo-Y22-4G-4GB-64GB-Blue-With-Official-Warranty-Price-in-Pakistan.html,https://cdn.homeshopping.pk/product_images/v/143/be3403ec6c43eaa429f6bd489911bf5a__87074_thumb.png
Samsung Galaxy A15 (4G 8GB 256GB Light Blue) With ...,"Rs 54,999",https://homeshopping.pk/products/Samsung-Galaxy-A15-8GB-256GB-Light-Blue-Price-in-Pakistan.html,https://cdn.homeshopping.pk/product_images/s/538/WhatsApp_Image_2024-02-29_at_1.54.16_AM_%282%29__17889_thumb.jpg
Tecno Spark Go 2024 (4G 4GB 64GB Mystery White) Wi...,"Rs 23,499",https://homeshopping.pk/products/Tecno-Spark-Go-2024-64GB-White-Price-in-Pakistan.html,https://cdn.homeshopping.pk/product_images/r/860/Tecno-Spark-Go-2024-Mystery-White-1__82320_thumb.png
Samsung Galaxy A34 (5G 8GB 256GB Awesome Graphite)...,"Rs 87,999",https://homeshopping.pk/products/Samsung-Galaxy-A34-5G-8GB-256GB-Graphite-Price-in-Pakistan.html,https://cdn.homeshopping.pk/product_images/f/078/latin-en-galaxy-a34-5g-sm-a346-sm-a346mzkagto-535907311__62451_thumb.png
Infinix Smart 7 HD (4G 2GB 64GB Silk Blue) - With ...,"Rs 19,499",https://homeshopping.pk/products/Infinix-Smart-7-HD-2GB-64GB-Blue-Price-in-Pakistan.html,https://cdn.homeshopping.pk/product_images/v/331/obrazek__87281_thumb.jpg
Infinix Hot 30 (4G 8GB 128GB Sonic White) With Off...,"Rs 32,499",https://homeshopping.pk/products/Infinix-Hot-30-8GB-128GB-White-Price-in-Pakistan.html,https://cdn.homeshopping.pk/product_images/h/068/infinix-hot-30-specs-official-ph-3__79756_thumb.png
Xiaomi Redmi Note 12 (4G 8GB 128GB Mint Green) - W...,"Rs 43,499",https://homeshopping.pk/products/Xiaomi-Redmi-Note-12-Mint-Green-Price-in-Pakistan.html,https://cdn.homeshopping.pk/product_images/s/195/Xiaomi-Redmi-Note-12-Mint-Green-1__95446_thumb.png
Infinix Hot 40 (4G 8GB 256GB Starlit Black) With O...,"Rs 35,999",https://homeshopping.pk/products/Infinix-Hot-40-256GB-Starlit-Black-Price-in-Pakistan.html,https://cdn.homeshopping.pk/product_images/i/234/Infinix-Hot-40-Starlit-Black-1__00001_thumb.png
OnePlus Ace 2 (5G 12GB 256GB Glacier Blue) - Non P...,"Rs 133,999",https://homeshopping.pk/products/OnePlus-Ace-2-Silver-Price-in-Pakistan.html,https://cdn.homeshopping.pk/product_images/q/675/oneplus-ace2-1__21741_thumb.jpg
Infinix Hot 40 (4G 8GB 256GB Horizon Gold) With Of...,"Rs 35,999",https://homeshopping.pk/products/Infinix-Hot-40-256GB-Horizon-Gold-Price-in-Pakistan.html,https://cdn.homeshopping.pk/product_images/l/335/Infinix-Hot-40-Horizon-Gold-1__21921_thumb.png
Xiaomi Redmi 13C (4G 6GB 128GB Clover Green) With ...,"Rs 30,999",https://homeshopping.pk/products/Xiaomi-Redmi-13C-6GB-128GB-Clover-Green-Price-in-Pakistan.html,https://cdn.homeshopping.pk/product_images/i/059/Xiaomi-Redmi-13C-Clover-Green-5__52293_thumb.png
Samsung Galaxy S24 Ultra Dual Sim (5G 12GB 512GB T...,"Rs 282,999",https://homeshopping.pk/products/Samsung-Galaxy-S24-Ultra-Dual-Sim-5G-12GB-512GB-Violet-Price-in-Pakistan-.html,https://cdn.homeshopping.pk/product_images/p/841/SamsungGS24Ultra-TitaniumViolet-2upPen_0__75407_thumb.jpg
Samsung Galaxy S24 Ultra Dual Sim (5G 12GB 256GB T...,"Rs 259,999",https://homeshopping.pk/products/Samsung-Galaxy-S24-Ultra-Dual-Sim-5G-12GB-256GB-Titanium-Violet-Price-in-Pakistan-.html,https://cdn.homeshopping.pk/product_images/n/977/SamsungGS24Ultra-TitaniumViolet-2upPen_0__98453_thumb.jpg
Xbox 360 Wireless Controller,"Rs 7,399",https://homeshopping.pk/products/Xbox-360-Wireless-Controller-Price-in-Pakistan.html,https://cdn.homeshopping.pk/product_images/n/825/ad82ca7b0e8757348c920e346e78b55a__98728_thumb.jpg
Redragon G809 Jupiter Wireless Gamepad Bluetooth G...,"Rs 6,684",https://homeshopping.pk/products/Redragon-G809-Jupiter-Wireless-Gamepad-Price-in-Pakistan.html,https://cdn.homeshopping.pk/product_images/s/387/61qt4VLKdaL._SL1000___90334_thumb.jpg
Rebel CMP-RBL-CHAIR-01 Renegade Gaming Chair - Bla...,"Rs 70,249",https://homeshopping.pk/products/Rebel-CMP-RBL-CHAIR-01-Renegade-Gaming-Chair-Black-Red-Price-in-Pakistan.html,https://cdn.homeshopping.pk/product_images/t/457/Red-7__46711_thumb.jpg
Boost Surge Gaming Chair (with Footrest) (Blue&...,"Rs 32,000",https://homeshopping.pk/products/Boost-Surge-Gaming-Chair-Blue-Red-Price-in-Pakistan.html,https://cdn.homeshopping.pk/product_images/i/040/boost-surge-gaming-chair-price-in-pakistan-1-19643-1840524-160823041044362__39948_thumb.jpg
A4Tech Bloody GH-30 ROGUE Mid Tower Gaming Tempere...,"Rs 25,800",https://homeshopping.pk/products/A4Tech-Bloody-GH30-ROGUE-Mid-Tower-Gaming-Tempered-Glass-Case-Price-In-Pakistan.html,https://cdn.homeshopping.pk/product_images/h/237/20210308103556_78494__31339_thumb.jpg
Boost Velocity RGB Gaming Chair,"Rs 32,499",https://homeshopping.pk/products/Boost-Velocity-RGB-Gaming-Chair-Price-in-Pakistan.html,https://cdn.homeshopping.pk/product_images/e/268/boost-velocity-rgb-gaming-chair-price-in-pakistan-2-19643-1840538-160823044027740__38138_thumb.jpg
Rebel CMP-RBL-SOFA-01 Wraith Gaming Sofa - Black/R...,"Rs 75,099",https://homeshopping.pk/products/Rebel-CMP-RBL-SOFA-01-Wraith-Gaming-Sofa-Black-Red-Price-in-Pakistan.html,https://cdn.homeshopping.pk/product_images/w/344/1-Rebel-Wraith-Gaming-Sofa__39066_thumb.jpg
Boost Surge Gaming Chair (with Footrest) (Black &a...,"Rs 32,000",https://homeshopping.pk/products/Boost-Surge-Gaming-Chair-Black-Grey-Price-in-Pakistan.html,https://cdn.homeshopping.pk/product_images/q/683/boost-surge-gaming-chair-price-in-pakistan-2-19643-0-160823040636588__23095_thumb.jpg
Havit GC924 Gaming Chair,"Rs 19,999",https://homeshopping.pk/products/Havit-GC924-Gaming-Chair-Price-In-Pakistan.html,https://cdn.homeshopping.pk/product_images/v/920/cbd3ba4ee8fa931a3ea5778e6536a4c3.jpg_340x340q80__60511_thumb.jpg
Boost Surge Gaming Chair (with Footrest) (Black/Re...,"Rs 32,000",https://homeshopping.pk/products/Boost-Surge-Gaming-Chair-Price-in-Pakistan.html,https://cdn.homeshopping.pk/product_images/x/354/boost-surge-gaming-chair-price-in-pakistan-1-19643-1840525-160823041415761__52901_thumb.jpg
Rebel CMP-RBL-SOFA-02 Wraith Gaming Sofa - Black/O...,"Rs 75,099",https://homeshopping.pk/products/Rebel-CMP-RBL-SOFA-02-Wraith-Gaming-Sofa-Black-Orange-Price-in-Pakistan.html,https://cdn.homeshopping.pk/product_images/p/494/Sofa2-B__17718_thumb.jpg
Razer Iskur XL Gaming Chair Black,"Rs 240,499",https://homeshopping.pk/products/Razer-Iskur-XL-Gaming-Chair-Black-Price-in-Pakistan.html,https://cdn.homeshopping.pk/product_images/p/204/razer-iskur-x-gaming-chair-black-green-_xl__1__39101_thumb.jpg
Metro Redux PS4,"Rs 8,198",https://homeshopping.pk/products/Metro-Redux-PS4.html,https://cdn.homeshopping.pk/product_images/w/743/59bb0b2c96e9ae003339dcde4ca6aaf6__00474_thumb.jpg
Rebel Renegade Gaming Chair - Black,"Rs 70,249",https://homeshopping.pk/products/Rebel-Renegade-Gaming-Chair-Black-Price-in-Pakistan.html,https://cdn.homeshopping.pk/product_images/a/038/black-chair-1-63670-061221060707__84851_thumb.png
Fantech SHOOTER II WGP13 PRO Wireless Gaming Contr...,"Rs 6,999",https://homeshopping.pk/products/Fantech-SHOOTER-II-WGP13-PRO-Wireless-Gaming-Controller-Price-in-Pakistan.html,https://cdn.homeshopping.pk/product_images/b/296/WGP13-Wireless-Gamepad2__33288_thumb.png
Boost Velocity Gaming Chair (Black/Red),"Rs 27,999",https://homeshopping.pk/products/Boost-Velocity-Gaming-Chair-Black-Red-Price-in-Pakistan.html,https://cdn.homeshopping.pk/product_images/g/777/boost-velocity-gaming-chair-price-in-pakistan-2-19643-1840535-160823043243486__49945_thumb.jpg
Gamdias Achilles E1 L PC Gaming Chair Black/Red,"Rs 64,899",https://homeshopping.pk/products/Gamdias-Achilles-E1-L-Gaming-Chair-BlackRed-Price-in-Pakistan.html,https://cdn.homeshopping.pk/product_images/z/713/Gamdias-Achilles-E1-RGB-PC-Gaming-Chair-%25E2%2580%2593-Black-Red-Price-in-Pakistan__56092_thumb.jpg
Armaggeddon NEBUKA III Gaming Chair Maldive Blue 8...,"Rs 50,499",https://homeshopping.pk/products/Armaggeddon-NEBUKA-III-Gaming-Chair-Blue-Price-in-Pakistan.html,https://cdn.homeshopping.pk/product_images/k/850/73763279-647d-4a2d-9edc-00a563d29210__91368_thumb.png
Haier HRF 216 EPR/EPB/EPG Glass Door Refrigerator ...,"Rs 71,374",https://homeshopping.pk/products/Haier-HRF216-EPR-Glass-Door-Refrigerator-Price-in-Pakistan.html,https://cdn.homeshopping.pk/product_images/k/142/W020210223496300226886_450__44422_thumb.jpg
Anex AG-1020 Deluxe Garment Steamer,"Rs 19,099",https://homeshopping.pk/products/Anex-AG-1020-Deluxe-Garment-Steamer-Price-In-Pakistan.html,https://cdn.homeshopping.pk/product_images/v/509/anex-deluxe-garment-steamer-_ag-1020__1_1_1_1__60758_thumb.jpg
West Point WF-367 3 in 1 Blender Chopper & Gri...,"Rs 15,665",https://homeshopping.pk/products/West-Point-WF367-3-in-1-Blender-Chopper-Grinder-Price-In-Pakistan.html,https://cdn.homeshopping.pk/product_images/f/635/westpoint-3-in-1-blender-chopper-_-grinder-_wf-367__1_1__38759_thumb.jpg
Haier HWM 80-50 Washer Single Tub Washing Machine,"Rs 23,334",https://homeshopping.pk/products/Haier-HWM-8050-Washer-Single-Tub-Washing-Machine-in-Pakistan.html,https://cdn.homeshopping.pk/product_images/d/386/W020190927580073209200__64779_thumb.png
Dawlance DW-6000 Spinner Washing Machine - 10KG,"Rs 19,619",https://homeshopping.pk/products/Dawlance-DW-6000-Spinner-Washing-Machine-10KG-Price-in-Pakistan.html,https://cdn.homeshopping.pk/product_images/e/440/ds-6000cpro__72774_thumb.png
Haier Hrf-336 EBS E-Star Series Refrigerator,"Rs 87,524",https://homeshopping.pk/products/Haier-Hrf-336-Ebs-Ebd-E-Star-Series-Refrigerator-Price-In-Pakistan.html,https://cdn.homeshopping.pk/product_images/h/068/W020200918557168634658__94063_thumb.jpg
Haier Hrf-276 Ebs/Ebd E-Star Series Refrigerator,"Rs 75,174",https://homeshopping.pk/products/Haier-Hrf-276-Ebs-Ebd-EStar-Series-Refrigerator-Price-In-Pakistan.html,https://cdn.homeshopping.pk/product_images/b/081/HRF-276EBS-300x300__20821_thumb.png
Anex AG-3079 Oven Toaster Bar B Q With Grill,"Rs 28,737",https://homeshopping.pk/products/Anex-AG3079-Deluxe-Oven-Toaster-Price-In-Pakistan.html,https://cdn.homeshopping.pk/product_images/z/821/anex-deluxe-oven-toaster-60-ltr-_ag-3079__1__74436_thumb.jpg
Haier HRF-438 EPR Glass Door Refrigerator (Officia...,"Rs 104,674",https://homeshopping.pk/products/Haier-HRF438EPREPBEPC-Glass-Door-Refrigerator-Price-in-Pakistan.html,https://cdn.homeshopping.pk/product_images/q/388/W020200921723916882674_350__94062_thumb.jpg
West Point WF-152 Deluxe Ceramic Cooker,"Rs 13,890",https://homeshopping.pk/products/West-Point-WF152-Deluxe-Ceramic-Cooker-Price-In-Pakistan.html,https://cdn.homeshopping.pk/product_images/f/183/Untitleddesign_1024x1024__00293_thumb.jpg
Anex AG-6034 Blender Grinder 3 in 1 With Glass,"Rs 8,399",https://homeshopping.pk/products/Anex-AG-6034-Blender-Grinder-3-in-1-With-Glass-Price-in-Pakistan.html,https://cdn.homeshopping.pk/product_images/j/760/ag-6034-deluxe-blender-grinder__18846_thumb.jpg
Westpoint WF-9214 Hand Blender,"Rs 6,056",https://homeshopping.pk/products/WestPoint-Hand-BlenderSteel-Rod-WF9214-Price-In-Pakistan-.html,https://cdn.homeshopping.pk/product_images/r/701/westpoint_hand_blender_wf-9214_15000_4__17901_thumb.jpg
Anex AG-184 GL Juicer Blender,"Rs 14,954",https://homeshopping.pk/products/Anex-AG-184-GL-Juicer-Blender-in-Pakistan.html,https://cdn.homeshopping.pk/product_images/j/342/Juicer-Blende-Grinder-AG-184GL-Filled-550x600__47876_thumb.jpg
Anex AG-2099 Vacuum Cleaner 3 in 1 with official w...,"Rs 25,470",https://homeshopping.pk/products/Anex-2099-Vacuum-Cleaner-3-in-1-Price-in-Pakistan.html,https://cdn.homeshopping.pk/product_images/z/387/ag-2099_a__12642_thumb.jpg
Anex AG-3072 Oven Toaster,"Rs 26,471",https://homeshopping.pk/products/Anex-AG-3072-Oven-Toaster-Price-In-Pakistan.html,https://cdn.homeshopping.pk/product_images/e/574/anex-oven-toaster-_ag-3072__1_1__88975_thumb.jpg
Anex AG-3151 Food Proccessor,"Rs 17,955",https://homeshopping.pk/products/Anex-AG-3151-Food-Proccessor-Price-in-Pakistan.html,https://cdn.homeshopping.pk/product_images/u/463/anex-food-factory-_ag-3151__1_1__70449_thumb.jpg
Anex AG-3144 Chopper With Vegetable Cutter,"Rs 13,126",https://homeshopping.pk/products/Anex-AG-3144-Chopper-With-Vegetable-Cutter-Price-in-Pakistan.html,https://cdn.homeshopping.pk/product_images/r/387/4fa59832c20a5ea721146ff7ade1a609__73391_thumb.jpg
Westpoint WF-368 Deluxe Power Blender Commercial,"Rs 11,499",https://homeshopping.pk/products/Westpoint-WF368-Deluxe-Power-Blender-Price-In-Pakistan-.html,https://cdn.homeshopping.pk/product_images/y/861/city_series_parking_lot_garage_toy_set_-_2024-02-01t063734.880_2__40173_thumb.jpg
Canon Eos M50 Kit Mark Ii Ef-m 15-45mm Black,"Rs 200,999",https://homeshopping.pk/products/Canon-Eos-M50-Kit-Mark-Ii-Efm-1545mm-Black-Price-in-Pakistan-.html,https://cdn.homeshopping.pk/product_images/g/718/lg_HYQlHNw61Y13q2Mf3LUwwq5TwRso0rJA9m5m4CXr__92421_thumb.jpg
Sigma 150-600mm f5-6.3 DG OS HSM Contemporary Lens...,"Rs 403,499",https://homeshopping.pk/products/Sigma-150-600mm-f5-63-DG-OS-HSM-Contemporary-Lens-Price-in-Pakistan.html,https://cdn.homeshopping.pk/product_images/d/026/1410483142_1082154__51426_thumb.jpg
Yuneec Typhoon H ADVANCED,"Rs 225,000",https://homeshopping.pk/products/Yuneec-Typhoon-H-ADVANCED-Price-in-Pakistan.html,https://cdn.homeshopping.pk/product_images/j/757/4184lbBW6XL__20273_thumb.jpg
GoPro Protective Lens 2AGCLK-301,"Rs 3,549",https://homeshopping.pk/products/GoPro-Protective-Lens-2AGCLK301-Price-in-Pakistan-.html,https://cdn.homeshopping.pk/product_images/j/613/gopro_agclk_301_protective_lens_1380585250_999120__93160_thumb.jpg
Sigma 50mm F1.4 DG DN Art Lens,"Rs 243,999",https://homeshopping.pk/products/Sigma-50mm-F14-DG-DN-Art-Lens-Price-in-Pakistan.html,https://cdn.homeshopping.pk/product_images/x/649/50mm-dg-dn-01_1__75049_thumb.jpg
Sigma 56mm F1.4 DC DN Contemporary Lens for Nikon ...,"Rs 129,999",https://homeshopping.pk/products/Sigma-56mm-F14-DC-DN-Contemporary-Lens-for-Nikon-Z-Price-in-Pakistan.html,https://cdn.homeshopping.pk/product_images/u/912/56MM-1__36119_thumb.jpg
Sigma 100-400mm F/5-6.3 DG DN (or) DG OS HSM Conte...,"Rs 239,699",https://homeshopping.pk/products/Sigma-100-400mm-F5-6-3-DG-DN-or-DG-OS-HSM-Contemporary-Lens-Price-in-Pakistan.html,https://cdn.homeshopping.pk/product_images/a/845/sigma_100_400mm_f_5_6_3_dg_dn_1592472116_1568623__46225_thumb.jpg
SanDisk SDSDXXY 64GB Extreme PRO SDXC UHS-I 170MB/...,"Rs 3,899",https://homeshopping.pk/products/SanDisk-SDSDXXY-64GB-SD-Card-Price-in-Pakistan.html,https://cdn.homeshopping.pk/product_images/e/314/61GzuP0aGcL._SL1000___67082_thumb.jpg
Sigma 18-35mm f/1.8 DC HSM Art Lens for Canon EF,"Rs 204,999",https://homeshopping.pk/products/Sigma-1835mm-f18-DC-HSM-Art-Lens-Price-in-Pakistan.html,https://cdn.homeshopping.pk/product_images/h/410/1369__64291_thumb.jpg
Sigma 16mm f1.4 DC DN (C) Lens - Nikon Z Mount,"Rs 129,999",https://homeshopping.pk/products/Sigma-16mm-f14-DC-DN-C-Lens-Nikon-Z-Mount-Price-in-Pakistan.html,https://cdn.homeshopping.pk/product_images/g/646/pphoto_16_1.4_c017_horizontal_hood_m-2__65160_thumb.jpg
GoPro Protective Housing HERO 11,"Rs 19,000",https://homeshopping.pk/products/GoPro-Protective-Housing-HERO-11-Price-in-Pakistan.html,https://cdn.homeshopping.pk/product_images/n/058/71Ox4WJE5IL._AC_UF1000_1000_QL80___84699_thumb.jpg
TP-Link Tapo C320WS Outdoor Security Wi-Fi Camera,"Rs 15,499",https://homeshopping.pk/products/TP-Link-Tapo-C320WS-Outdoor-Security-WiFi-Camera-Price-in-Pakistan.html,https://cdn.homeshopping.pk/product_images/j/012/1-4012-1627973-211222074144330__96026_thumb.jpg
Formatt Hitech 100mmx100mm 4×4 inch Prostop IRND K...,"Rs 64,499",https://homeshopping.pk/products/Formatt-Hitech-100mmx100mm-4%C3%974-inch-Price-in-Pakistan.html,https://cdn.homeshopping.pk/product_images/f/239/13__09334_thumb.jpg
TP-Link Tapo C100 Home Security Wi-Fi Camera,"Rs 6,999",https://homeshopping.pk/products/TPLink-Tapo-C100-Home-Security-WiFi-Camera-Price-in-Pakistan.html,https://cdn.homeshopping.pk/product_images/b/340/Tapo-c100-1_normal_1578559517394b__86895_thumb.jpg
SIGMA AF 20MM F/1.4 DG DN (A) F/SE LENS,"Rs 257,199",https://homeshopping.pk/products/SIGMA-AF-20MM-F14-DG-DN-A-FSE-LENS-Price-in-Pakistan.html,https://cdn.homeshopping.pk/product_images/y/022/1659946849_1719349__45301_thumb.jpg
Sigma 35mm f/1.4 DG DN Art Lens for Sony E,"Rs 233,999",https://homeshopping.pk/products/Sigma-35mm-f14-DG-DN-Art-Lens-for-Sony-Price-in-Pakistan.html,https://cdn.homeshopping.pk/product_images/d/971/yt7Nsigma-35mm-f1.4-dg-dn-bnw-collections__13955_thumb.jpg
Gopro Sportsman Mount,"Rs 10,649",https://homeshopping.pk/products/Gopro-Sportsman-Mount-price-in-pakistan.html,https://cdn.homeshopping.pk/product_images/a/057/sportsman_mount__07794_thumb.jpg
GoPro Hero 11 Creator Edition Bundle Camera (CHDFB...,"Rs 200,440",https://homeshopping.pk/products/GoPro-Hero-11-Creator-Edition-Bundle-Camera-%28CHDFB%252d111%252dCN%29-%E2%80%93-Black.html,https://cdn.homeshopping.pk/product_images/h/871/GoPro-Hero-11-Creator-Edition-Bundle-Camera__07426_thumb.jpg
Samsung M 60 inch Smart Android WiFi 4K Led TV,"Rs 131,999",https://homeshopping.pk/products/Samsung-M-60inch-Smart-Android-Led-TV-Price-in-Pakistan.html,https://cdn.homeshopping.pk/product_images/f/535/ezgif.com-gif-maker_%289%29__66108_thumb.jpg
Sony G 40 Inch Smart Android WiFi 4K Led Tv,"Rs 76,499",https://homeshopping.pk/products/Sony-G-40-Inch-Smart-Android-WiFi-4K-Led-Tv.html,https://cdn.homeshopping.pk/product_images/u/641/Untitled722__64511_thumb.jpg
Samsung M 32 Inch Smart Android WiFi Full HD LED T...,"Rs 48,999",https://homeshopping.pk/products/Samsung-M-32-Inch-Smart-Android-WiFi-Full-HD-LED-TV.html,https://cdn.homeshopping.pk/product_images/h/149/my-hdtv-n4000-us-ua32n4003akxxm-frontblack-219311925__82074_thumb.jpg
Samsung M 40 Inch Smart Android WiFi 4K Led TV,"Rs 69,999",https://homeshopping.pk/products/Samsung-M-40-Inch-Smart-Android-WiFi-4K-Led-TV.html,https://cdn.homeshopping.pk/product_images/x/021/ezgif.com-gif-maker_%288%29__40192_thumb.jpg
Samsung M 55 inch Smart Android WiFi 4K Led TV,"Rs 99,999",https://homeshopping.pk/products/Samsung-M-55-inch-Smart-Android-WiFi-4K-Led-TV.html,https://cdn.homeshopping.pk/product_images/b/429/ezgif.com-gif-maker_%289%29__42295_thumb.jpg
Samsung M 65 Inch Smart Android WiFi 4K Led TV ( R...,"Rs 194,999",https://homeshopping.pk/products/Samsung-M-65-Inch-Smart-Android-WiFi-4K-Led-TV.html,https://cdn.homeshopping.pk/product_images/m/386/Untitled__81510_thumb.jpg
Sony G 60 Inches Smart Android WiFi 4K Led TV,"Rs 145,999",https://homeshopping.pk/products/Sony-G-60-Inches-Smart-Android-Led-TV-Price-in-Pakistan.html,https://cdn.homeshopping.pk/product_images/o/704/pk-qled-q60r-qa82q60rarxmm-frontblack-164342645__20909_thumb.jpg
Itel Extra Bass S51 Bluetooth Speaker RGB LED Port...,"Rs 5,699",https://homeshopping.pk/products/Itel-Extra-Bass-S51-Bluetooth-Speaker-Price-In-Pakistan.html,https://cdn.homeshopping.pk/product_images/y/876/IBS-51-pic-2__75308_thumb.png
Infinix 55x5 55 Inch Smart Android 4K UHD LED TV W...,"Rs 106,999",https://homeshopping.pk/products/Infinix-55x5-Smart-Android-LED-TV-Price-in-Pakistan.html,https://cdn.homeshopping.pk/product_images/j/413/lg_PHP7AuY7Io1wya1ZxG75Jusm7nEsmWYKPqV8Zgrm__87465_thumb.jpg
Sony HT-S500RF 5.1ch Home Cinema Soundbar System B...,"Rs 130,999",https://homeshopping.pk/products/Sony-HTS500RF-Cinema-Soundbar-System-Bluetooth-Price-in-Pakistan.html,https://cdn.homeshopping.pk/product_images/o/972/hzut3r52r-EEZEPC__88659_thumb.png
Mackie Thump Up GO 8 Portable Speaker,"Rs 179,049",https://homeshopping.pk/products/Mackie-Thump-Up-GO-8-Portable-Speaker-Price-in-Pakistan.html,https://cdn.homeshopping.pk/product_images/l/230/61KjTwzjJEL._AC_SX679___63097_thumb.jpg
W-KING D8 50W Wireless Bluetooth Speakers with Dee...,"Rs 24,499",https://homeshopping.pk/products/WKING-D8-50W-Wireless-Bluetooth-Speaker-Price-in-Pakistan.html,https://cdn.homeshopping.pk/product_images/u/721/Buy-D8-Mini-Wireless-Bluetooth-Speaker-in-Pakistan-at-Dab-Lew-Tech-1-510x510__44874_thumb.jpg
FASTER G1000 RGB Lighting Mini Gaming Speaker with...,"Rs 4,249",https://homeshopping.pk/products/FASTER-G1000-RGB-Lighting-Price-in-Pakistan.html,https://cdn.homeshopping.pk/product_images/a/672/00-scaled-1__34459_thumb.jpg
Joyroom JR-ML05 RGB Wireless Speaker,"Rs 5,599",https://homeshopping.pk/products/JRML05-RGB-Wireless-Speaker-Price-in-Pakistan.html,https://cdn.homeshopping.pk/product_images/w/369/ML05_256831d5-0b74-41e6-9c78-4418a7791386_1000x__52200_thumb.jpg
Sony G 55 Inch Smart Android WiFi 4K LED TV,"Rs 111,999",https://homeshopping.pk/products/Sony-G-55-Inch-Smart-Android-WiFi-4K-LED-TV.html,https://cdn.homeshopping.pk/product_images/k/469/Untitled76576__30756_thumb.jpg
Roku Ultra 4K Streaming Media Player with Voice Re...,"Rs 38,910",https://homeshopping.pk/products/Roku-Ultra-4K-Streaming-Media-Player-with-Voice-Remote-Pro-%282022%29-%284802R%29-%E2%80%93-Black.html,https://cdn.homeshopping.pk/product_images/e/941/Roku-Ultra-4K-Streaming-Media-Player-with-Voice-Remote-Pro__71870_thumb.jpg
Sony 75” Class (KD-75X77L) 4K HDR LED Smart TV (Go...,"Rs 668,773",https://homeshopping.pk/products/Sony-75%E2%80%9D-Class-KD75X77L-4K-HDR-LED-Google-TV-Price-in-Pakistan.html,https://cdn.homeshopping.pk/product_images/t/668/111602_original_local_1200x1050_converted__47187_thumb.png
PHILIPS 7466 series 43” 43PUT7466/98 4K UHD LED An...,"Rs 144,999",https://homeshopping.pk/products/PHILIPS-7466-series-43%E2%80%9D-43PUT7466-98-LED-Android-TV-Price-in-Pakistan.html,https://cdn.homeshopping.pk/product_images/j/618/06bb92077d0e4ac3803cafbd011b458f__41171_thumb.jpg
Epson EcoTank L3250 A4 Wi-Fi All-in-One Ink Tank C...,"Rs 51,500",https://homeshopping.pk/products/Epson-EcoTank-L3250-A4-WiFi-AllinOne-Printer-Price-in-Pakistan.html,https://cdn.homeshopping.pk/product_images/q/079/1-4012-1673114-120123064044528__24352_thumb.jpg
Apple Macbook Pro 14 MRX33 - Apple M3 Pro Chip 11-...,"Rs 496,999",https://homeshopping.pk/products/Apple-Macbook-Pro-14-MRX33-Price-in-Pakistan.html,https://cdn.homeshopping.pk/product_images/f/609/download_62__1__18328_thumb.jpg
Epson EcoTank L15150 A3 Wi-Fi Duplex All-in-One In...,"Rs 428,999",https://homeshopping.pk/products/Epson-EcoTank-L15150-A3-Ink-Tank-Printer-Price-in-Pakistan.html,https://cdn.homeshopping.pk/product_images/m/629/1200Wx1200H__90146_thumb.jpg
A4Tech Bloody GH-30 ROGUE Mid Tower Gaming Tempere...,"Rs 25,800",https://homeshopping.pk/products/A4Tech-Bloody-GH30-ROGUE-Mid-Tower-Gaming-Tempered-Glass-Case-Price-In-Pakistan.html,https://cdn.homeshopping.pk/product_images/h/237/20210308103556_78494__31339_thumb.jpg
Canon Image CLASS LBP226dw Printer (Print Only | ...,"Rs 100,499",https://homeshopping.pk/products/Canon-Image-CLASS-LBP226dw-Printer-Price-in-Pakistan.html,https://cdn.homeshopping.pk/product_images/h/091/ab4c3027bbeb43c48dc6c84c0ccb55b5_LBP226dw_Front_362__85120_thumb.png
Dell Latitude (3440) Laptop Core i5 13th Gen (08Gb...,"Rs 219,999",https://homeshopping.pk/products/Dell-Latitude-3440-Core-i5-13th-Gen-Price-in-Pakistan.html,https://cdn.homeshopping.pk/product_images/y/901/Dell-3440-1__60641_thumb.jpg
"AOC ULTRA SLIM NARROW BORDER 21.5”22B2HN 7ms, 60Hz...","Rs 30,199",https://homeshopping.pk/products/AOC-ULTRA-SLIM-NARROW-BORDER-215%E2%80%9D22B2HN--Price-in-Pakistan-.html,https://cdn.homeshopping.pk/product_images/x/083/22B2HN_F__59684_thumb.png
Ubiquiti LBE-5AC-GEN2 5GHz Litebeam ac Gen2 23dBi,"Rs 13,999",https://homeshopping.pk/products/Ubiquiti-LBE5ACGEN2-Litebeam-23dBi-Price-In-Pakistan.html,https://cdn.homeshopping.pk/product_images/r/071/lbe-5ac-gen2_4__39741_thumb.jpg
Apple Macbook Pro 14‑inch MPHE3 M2 PRO Chip with 1...,"Rs 587,999",https://homeshopping.pk/products/Apple-Macbook-Pro-14%E2%80%91inch-MPHE3-M2-PRO-Chip-Apple-M2-Pro-with-10%E2%80%91core-CPU-16%E2%80%91core-GPU-16GB-Ram-512Gb-SSD-Price-in-Pakistan.html,https://cdn.homeshopping.pk/product_images/i/017/mbp14-spacegray-gallery1-202301__11231_thumb.jpg
"Philips 22""Inch 22IV8L (75Hz VA Panel FHD) LC...","Rs 30,999",https://homeshopping.pk/products/Philips-22Inch-22IV8L-75Hz-VA-Panel-FHD-LCD-monitor-Price-in-Pakistan.html,https://cdn.homeshopping.pk/product_images/k/715/221V8L_89-IMS-en_AE__92235_thumb.jpg
HP Envy 14-ES0033DX x360 2 in 1 (Silver Color) (1...,"Rs 294,999",https://homeshopping.pk/products/HP-Envy-X360-14%252des0033dx-14%E2%80%B3-FHD-Touchscreen-Laptop-%28Intel-Core-i7%2C-16GB-RAM-%E2%80%93-1TB-SSD%29-%E2%80%93-Silver.html,https://cdn.homeshopping.pk/product_images/d/201/1-4012-1762053-060523071441928__55863_thumb.jpg
Dell XPS 15 (9520) Core i9 12th Gen (32Gb/1Tb) FHD...,"Rs 694,999",https://homeshopping.pk/products/Dell-XPS-15-9520-Core-i9-12th-Gen-32Gb1Tb-FHD-Nvidia-GeForce-Price-In-Pakistan.html,https://cdn.homeshopping.pk/product_images/f/075/61pL1_bY15L._AC_SL1462___26592_thumb.jpg
D-Link DGS-F1100-10PS-E 8 Port PoE Gigabit Smart M...,"Rs 26,199",https://homeshopping.pk/products/DLink-DGSF110010PSE-Smart-Managed-Switch-Price-In-Pakistan.html,https://cdn.homeshopping.pk/product_images/z/899/avr1-0461-2__48794_thumb.jpg
Philips 24 Inch 24IV8B Full HD 1080p LCD Monitor,"Rs 36,599",https://homeshopping.pk/products/Philips-24-Inch-24IV8B-Full-HD-1080p-LCD-Monitor-Price-in-Pakistan.html,https://cdn.homeshopping.pk/product_images/g/669/philips-241v8b-monitor-price-in-pakistan-2-19643-0-100823065653181__82036_thumb.jpg
HP OMEN 16 WD0063DX Intel Core i7-13620H 13th Gene...,"Rs 444,999",https://homeshopping.pk/products/HP-OMEN-16-WD0063DX-Intel-Core-i713620H-13th-Price-in-Pakistan.html,https://cdn.homeshopping.pk/product_images/b/363/1-czone.com.pk-1540-15020-100823103735__64537_thumb.jpg
"Philips Curved Ultra Wide 34""Inch 34E1C5600HE...","Rs 147,999",https://homeshopping.pk/products/Philips-Curved-Ultra-Wide-34Inch-34E1C5600HE-Price-in-Pakistan.html,https://cdn.homeshopping.pk/product_images/e/605/34E1C5600HE_00-_FP-global-001__16764_thumb.jpg
Cambium Force 200 AR5-25 EPMP 5 GHz High Gain Radi...,"Rs 35,999",https://homeshopping.pk/products/Cambium-Force-200-AR525-High-Gain-Radio-Price-In-Pakistan.html,https://cdn.homeshopping.pk/product_images/w/212/ar5-25__37465_thumb.jpg
AOC E2070SWHN 19.5 inch HD SLIM e-SAVER LED Monito...,"Rs 24,499",https://homeshopping.pk/products/AOC-E2070SWHN-195-inch-HD-SLIM-LED-Monitor-Price-in-Pakistan-.html,https://cdn.homeshopping.pk/product_images/a/357/AOC-E970SWHEN-18.5-inch-HD-SLIM-e-SAVER-LED-Monitor-Price-in-Pakistan-ZahComputers__62409_thumb.jpg
