Product Name,Rating,Price,Product Link,Image URL
"Fossil Jacqueline Women's Watch with Stainless Steel or Leather Band, Analog Watch Display",No rating,105.,https://www.amazon.com/sspa/click?ie=UTF8&spc=MTo3NzgzNzU4MzczMjUwMTQ4OjE3MjcyNDgyNDc6c3BfYXRmOjMwMDE3NjgyMDYwMzAwMjo6MDo6&url=%2FFossil-Womens-ES3988-Jacqueline-Leather%2Fdp%2FB01BM5NTNQ%2Fref%3Dsr_1_1_sspa%3Fdib%3DeyJ2IjoiMSJ9.LKnE8Sz9g-hZCL8VszAHgTxuWB41q_ZxCQiaRag23YNrwP0O6PcVE6Tu1xqcQl9FrSBp1vZl417U5Az6btrbnVS5C_NDMaWO05R7OMulfDn1_3An6s3j8UkxHDs-wZTw8Slmv2nSpyJSJ0TUXEBAivi_zFbVymJlC7cDxTSDzFCj1mYuwVzyBBdHu0TdxXqHrYUbJvH5g6956_c658Sc068rZUQHUiAhOk1H0BZ9SqI57zD3pswxzslBlUsdCi285cZ_cR-3JCijEFeFgn74qgRWb89jF9v5AGfr_MTsb4c.Apzz0b2AQrjryeoLyF4drcvsLVMm1phD9CduA6UvQi4%26dib_tag%3Dse%26keywords%3Dwomen%2Bwatch%26qid%3D1727248247%26sr%3D8-1-spons%26sp_csd%3Dd2lkZ2V0TmFtZT1zcF9hdGY%26psc%3D1,https://m.media-amazon.com/images/I/71yiY5R3p8S._AC_UL320_.jpg
"Fossil Women's Riley Quartz Stainless Steel Multifunction Watch, Color: Rose Gold Glitz (Model: ES2811)",No rating,67.,https://www.amazon.com/sspa/click?ie=UTF8&spc=MTo3NzgzNzU4MzczMjUwMTQ4OjE3MjcyNDgyNDc6c3BfYXRmOjMwMDE3NjgyMDYwMzMwMjo6MDo6&url=%2FFossil-Womens-Riley-Quartz-Stainless%2Fdp%2FB004D4S7AY%2Fref%3Dsr_1_2_sspa%3Fdib%3DeyJ2IjoiMSJ9.LKnE8Sz9g-hZCL8VszAHgTxuWB41q_ZxCQiaRag23YNrwP0O6PcVE6Tu1xqcQl9FrSBp1vZl417U5Az6btrbnVS5C_NDMaWO05R7OMulfDn1_3An6s3j8UkxHDs-wZTw8Slmv2nSpyJSJ0TUXEBAivi_zFbVymJlC7cDxTSDzFCj1mYuwVzyBBdHu0TdxXqHrYUbJvH5g6956_c658Sc068rZUQHUiAhOk1H0BZ9SqI57zD3pswxzslBlUsdCi285cZ_cR-3JCijEFeFgn74qgRWb89jF9v5AGfr_MTsb4c.Apzz0b2AQrjryeoLyF4drcvsLVMm1phD9CduA6UvQi4%26dib_tag%3Dse%26keywords%3Dwomen%2Bwatch%26qid%3D1727248247%26sr%3D8-2-spons%26sp_csd%3Dd2lkZ2V0TmFtZT1zcF9hdGY%26psc%3D1,https://m.media-amazon.com/images/I/71CCvrJ5JBL._AC_UL320_.jpg
Fossil Riley Women's Watch with Crystal Accents and Stainless Steel Bracelet Band,No rating,68.,https://www.amazon.com/sspa/click?ie=UTF8&spc=MTo3NzgzNzU4MzczMjUwMTQ4OjE3MjcyNDgyNDc6c3BfYXRmOjMwMDE3NjgyMDYwMzEwMjo6MDo6&url=%2FFossil-Womens-Quartz-Stainless-Chronograph%2Fdp%2FB009BEO81I%2Fref%3Dsr_1_3_sspa%3Fdib%3DeyJ2IjoiMSJ9.LKnE8Sz9g-hZCL8VszAHgTxuWB41q_ZxCQiaRag23YNrwP0O6PcVE6Tu1xqcQl9FrSBp1vZl417U5Az6btrbnVS5C_NDMaWO05R7OMulfDn1_3An6s3j8UkxHDs-wZTw8Slmv2nSpyJSJ0TUXEBAivi_zFbVymJlC7cDxTSDzFCj1mYuwVzyBBdHu0TdxXqHrYUbJvH5g6956_c658Sc068rZUQHUiAhOk1H0BZ9SqI57zD3pswxzslBlUsdCi285cZ_cR-3JCijEFeFgn74qgRWb89jF9v5AGfr_MTsb4c.Apzz0b2AQrjryeoLyF4drcvsLVMm1phD9CduA6UvQi4%26dib_tag%3Dse%26keywords%3Dwomen%2Bwatch%26qid%3D1727248247%26sr%3D8-3-spons%26sp_csd%3Dd2lkZ2V0TmFtZT1zcF9hdGY%26psc%3D1,https://m.media-amazon.com/images/I/71rBxT4y5KL._AC_UL320_.jpg
"Skagen Hagen Rectangular Case Women's Watch with Stainless Steel Bracelet, Mesh or Leather Band",No rating,165.,https://www.amazon.com/sspa/click?ie=UTF8&spc=MTo3NzgzNzU4MzczMjUwMTQ4OjE3MjcyNDgyNDc6c3BfYXRmOjMwMDQzMDM2NzE5MDAwMjo6MDo6&url=%2FSkagen-Womens-Three-Hand-Stainless-Bracelet%2Fdp%2FB0CCHMS5GB%2Fref%3Dsr_1_4_sspa%3Fdib%3DeyJ2IjoiMSJ9.LKnE8Sz9g-hZCL8VszAHgTxuWB41q_ZxCQiaRag23YNrwP0O6PcVE6Tu1xqcQl9FrSBp1vZl417U5Az6btrbnVS5C_NDMaWO05R7OMulfDn1_3An6s3j8UkxHDs-wZTw8Slmv2nSpyJSJ0TUXEBAivi_zFbVymJlC7cDxTSDzFCj1mYuwVzyBBdHu0TdxXqHrYUbJvH5g6956_c658Sc068rZUQHUiAhOk1H0BZ9SqI57zD3pswxzslBlUsdCi285cZ_cR-3JCijEFeFgn74qgRWb89jF9v5AGfr_MTsb4c.Apzz0b2AQrjryeoLyF4drcvsLVMm1phD9CduA6UvQi4%26dib_tag%3Dse%26keywords%3Dwomen%2Bwatch%26qid%3D1727248247%26sr%3D8-4-spons%26sp_csd%3Dd2lkZ2V0TmFtZT1zcF9hdGY%26psc%3D1,https://m.media-amazon.com/images/I/61mP4vytbjL._AC_UL320_.jpg
Anne Klein Women's Bracelet Watch,No rating,28.,https://www.amazon.com/Anne-Klein-Dress-Watch-Model/dp/B08G1XQ99P/ref=sr_1_5?dib=eyJ2IjoiMSJ9.LKnE8Sz9g-hZCL8VszAHgTxuWB41q_ZxCQiaRag23YNrwP0O6PcVE6Tu1xqcQl9FrSBp1vZl417U5Az6btrbnVS5C_NDMaWO05R7OMulfDn1_3An6s3j8UkxHDs-wZTw8Slmv2nSpyJSJ0TUXEBAivi_zFbVymJlC7cDxTSDzFCj1mYuwVzyBBdHu0TdxXqHrYUbJvH5g6956_c658Sc068rZUQHUiAhOk1H0BZ9SqI57zD3pswxzslBlUsdCi285cZ_cR-3JCijEFeFgn74qgRWb89jF9v5AGfr_MTsb4c.Apzz0b2AQrjryeoLyF4drcvsLVMm1phD9CduA6UvQi4&dib_tag=se&keywords=women+watch&qid=1727248247&sr=8-5,https://m.media-amazon.com/images/I/71liLJsxEOL._AC_UL320_.jpg
Nine West Women's Crystal Accented Bracelet Watch,No rating,18.,https://www.amazon.com/Nine-West-Accented-Gold-Tone-Bracelet/dp/B075YYK9NL/ref=sr_1_6?dib=eyJ2IjoiMSJ9.LKnE8Sz9g-hZCL8VszAHgTxuWB41q_ZxCQiaRag23YNrwP0O6PcVE6Tu1xqcQl9FrSBp1vZl417U5Az6btrbnVS5C_NDMaWO05R7OMulfDn1_3An6s3j8UkxHDs-wZTw8Slmv2nSpyJSJ0TUXEBAivi_zFbVymJlC7cDxTSDzFCj1mYuwVzyBBdHu0TdxXqHrYUbJvH5g6956_c658Sc068rZUQHUiAhOk1H0BZ9SqI57zD3pswxzslBlUsdCi285cZ_cR-3JCijEFeFgn74qgRWb89jF9v5AGfr_MTsb4c.Apzz0b2AQrjryeoLyF4drcvsLVMm1phD9CduA6UvQi4&dib_tag=se&keywords=women+watch&qid=1727248247&sr=8-6,https://m.media-amazon.com/images/I/81-HbGIsxVL._AC_UL320_.jpg
Anne Klein Women's Genuine Diamond Dial Bangle Watch,No rating,23.,https://www.amazon.com/Anne-Klein-AK-1980BKGB-Diamond-Accented/dp/B00ZHJDT7U/ref=sr_1_7?dib=eyJ2IjoiMSJ9.LKnE8Sz9g-hZCL8VszAHgTxuWB41q_ZxCQiaRag23YNrwP0O6PcVE6Tu1xqcQl9FrSBp1vZl417U5Az6btrbnVS5C_NDMaWO05R7OMulfDn1_3An6s3j8UkxHDs-wZTw8Slmv2nSpyJSJ0TUXEBAivi_zFbVymJlC7cDxTSDzFCj1mYuwVzyBBdHu0TdxXqHrYUbJvH5g6956_c658Sc068rZUQHUiAhOk1H0BZ9SqI57zD3pswxzslBlUsdCi285cZ_cR-3JCijEFeFgn74qgRWb89jF9v5AGfr_MTsb4c.Apzz0b2AQrjryeoLyF4drcvsLVMm1phD9CduA6UvQi4&dib_tag=se&keywords=women+watch&qid=1727248247&sr=8-7,https://m.media-amazon.com/images/I/71QDsaFZF9L._AC_UL320_.jpg
Anne Klein Women's Bracelet Watch,No rating,26.,https://www.amazon.com/Anne-Klein-Womens-105491SVTT-Two-Tone/dp/B000U5O5XI/ref=sr_1_8?dib=eyJ2IjoiMSJ9.LKnE8Sz9g-hZCL8VszAHgTxuWB41q_ZxCQiaRag23YNrwP0O6PcVE6Tu1xqcQl9FrSBp1vZl417U5Az6btrbnVS5C_NDMaWO05R7OMulfDn1_3An6s3j8UkxHDs-wZTw8Slmv2nSpyJSJ0TUXEBAivi_zFbVymJlC7cDxTSDzFCj1mYuwVzyBBdHu0TdxXqHrYUbJvH5g6956_c658Sc068rZUQHUiAhOk1H0BZ9SqI57zD3pswxzslBlUsdCi285cZ_cR-3JCijEFeFgn74qgRWb89jF9v5AGfr_MTsb4c.Apzz0b2AQrjryeoLyF4drcvsLVMm1phD9CduA6UvQi4&dib_tag=se&keywords=women+watch&qid=1727248247&sr=8-8,https://m.media-amazon.com/images/I/81JVXUTHKVL._AC_UL320_.jpg
Nine West Women's Strap Watch,No rating,16.,https://www.amazon.com/Nine-West-Womens-Strap-Watch/dp/B09HV5XZPP/ref=sr_1_9?dib=eyJ2IjoiMSJ9.LKnE8Sz9g-hZCL8VszAHgTxuWB41q_ZxCQiaRag23YNrwP0O6PcVE6Tu1xqcQl9FrSBp1vZl417U5Az6btrbnVS5C_NDMaWO05R7OMulfDn1_3An6s3j8UkxHDs-wZTw8Slmv2nSpyJSJ0TUXEBAivi_zFbVymJlC7cDxTSDzFCj1mYuwVzyBBdHu0TdxXqHrYUbJvH5g6956_c658Sc068rZUQHUiAhOk1H0BZ9SqI57zD3pswxzslBlUsdCi285cZ_cR-3JCijEFeFgn74qgRWb89jF9v5AGfr_MTsb4c.Apzz0b2AQrjryeoLyF4drcvsLVMm1phD9CduA6UvQi4&dib_tag=se&keywords=women+watch&qid=1727248247&sr=8-9,https://m.media-amazon.com/images/I/51RuNa4Ti4L._AC_UL320_.jpg
Anne Klein Women's Leather Strap Watch,No rating,24.,https://www.amazon.com/Anne-Klein-109442CHHY-Gold-Tone-Champagne/dp/B004X4Y9ME/ref=sr_1_10?dib=eyJ2IjoiMSJ9.LKnE8Sz9g-hZCL8VszAHgTxuWB41q_ZxCQiaRag23YNrwP0O6PcVE6Tu1xqcQl9FrSBp1vZl417U5Az6btrbnVS5C_NDMaWO05R7OMulfDn1_3An6s3j8UkxHDs-wZTw8Slmv2nSpyJSJ0TUXEBAivi_zFbVymJlC7cDxTSDzFCj1mYuwVzyBBdHu0TdxXqHrYUbJvH5g6956_c658Sc068rZUQHUiAhOk1H0BZ9SqI57zD3pswxzslBlUsdCi285cZ_cR-3JCijEFeFgn74qgRWb89jF9v5AGfr_MTsb4c.Apzz0b2AQrjryeoLyF4drcvsLVMm1phD9CduA6UvQi4&dib_tag=se&keywords=women+watch&qid=1727248247&sr=8-10,https://m.media-amazon.com/images/I/81PrmvhOIVL._AC_UL320_.jpg
Amazon Essentials Women's Faux Leather Strap Watch,No rating,19.,https://www.amazon.com/sspa/click?ie=UTF8&spc=MTo3NzgzNzU4MzczMjUwMTQ4OjE3MjcyNDgyNDc6c3BfbXRmOjIwMDAyNDUwNzkyNjI5ODo6MDo6&url=%2FAmazon-Essentials-Womens-Leather-Strap%2Fdp%2FB09KCML619%2Fref%3Dsr_1_11_ffob_sspa%3Fdib%3DeyJ2IjoiMSJ9.LKnE8Sz9g-hZCL8VszAHgTxuWB41q_ZxCQiaRag23YNrwP0O6PcVE6Tu1xqcQl9FrSBp1vZl417U5Az6btrbnVS5C_NDMaWO05R7OMulfDn1_3An6s3j8UkxHDs-wZTw8Slmv2nSpyJSJ0TUXEBAivi_zFbVymJlC7cDxTSDzFCj1mYuwVzyBBdHu0TdxXqHrYUbJvH5g6956_c658Sc068rZUQHUiAhOk1H0BZ9SqI57zD3pswxzslBlUsdCi285cZ_cR-3JCijEFeFgn74qgRWb89jF9v5AGfr_MTsb4c.Apzz0b2AQrjryeoLyF4drcvsLVMm1phD9CduA6UvQi4%26dib_tag%3Dse%26keywords%3Dwomen%2Bwatch%26qid%3D1727248247%26sr%3D8-11-spons%26sp_csd%3Dd2lkZ2V0TmFtZT1zcF9tdGY%26psc%3D1,https://m.media-amazon.com/images/I/71Wo0kS9JqL._AC_UL320_.jpg
"Fossil Women's Scarlette Mini Quartz Stainless Steel Three-Hand Watch, Color: Gold/Silver (Model: ES4949)",No rating,108.,https://www.amazon.com/sspa/click?ie=UTF8&spc=MTo3NzgzNzU4MzczMjUwMTQ4OjE3MjcyNDgyNDc6c3BfbXRmOjMwMDI1OTEyMzUwNzMwMjo6MDo6&url=%2FFossil-Womens-Scarlette-Stainless-Multicolor%2Fdp%2FB08KTTQFBV%2Fref%3Dsr_1_12_sspa%3Fdib%3DeyJ2IjoiMSJ9.LKnE8Sz9g-hZCL8VszAHgTxuWB41q_ZxCQiaRag23YNrwP0O6PcVE6Tu1xqcQl9FrSBp1vZl417U5Az6btrbnVS5C_NDMaWO05R7OMulfDn1_3An6s3j8UkxHDs-wZTw8Slmv2nSpyJSJ0TUXEBAivi_zFbVymJlC7cDxTSDzFCj1mYuwVzyBBdHu0TdxXqHrYUbJvH5g6956_c658Sc068rZUQHUiAhOk1H0BZ9SqI57zD3pswxzslBlUsdCi285cZ_cR-3JCijEFeFgn74qgRWb89jF9v5AGfr_MTsb4c.Apzz0b2AQrjryeoLyF4drcvsLVMm1phD9CduA6UvQi4%26dib_tag%3Dse%26keywords%3Dwomen%2Bwatch%26qid%3D1727248247%26sr%3D8-12-spons%26sp_csd%3Dd2lkZ2V0TmFtZT1zcF9tdGY%26psc%3D1,https://m.media-amazon.com/images/I/71GGKKgmRlL._AC_UL320_.jpg
Anne Klein Women's Premium Crystal Accented Bangle Watch and Bracelet Set,No rating,Price not available,https://www.amazon.com/Anne-Klein-AK-1868GBST-Crystal-Accented/dp/B00QRSZOQY/ref=sr_1_13?dib=eyJ2IjoiMSJ9.LKnE8Sz9g-hZCL8VszAHgTxuWB41q_ZxCQiaRag23YNrwP0O6PcVE6Tu1xqcQl9FrSBp1vZl417U5Az6btrbnVS5C_NDMaWO05R7OMulfDn1_3An6s3j8UkxHDs-wZTw8Slmv2nSpyJSJ0TUXEBAivi_zFbVymJlC7cDxTSDzFCj1mYuwVzyBBdHu0TdxXqHrYUbJvH5g6956_c658Sc068rZUQHUiAhOk1H0BZ9SqI57zD3pswxzslBlUsdCi285cZ_cR-3JCijEFeFgn74qgRWb89jF9v5AGfr_MTsb4c.Apzz0b2AQrjryeoLyF4drcvsLVMm1phD9CduA6UvQi4&dib_tag=se&keywords=women+watch&qid=1727248247&sr=8-13,https://m.media-amazon.com/images/I/81TNLTdDuCL._AC_UL320_.jpg
Nine West Women's Strap Watch,No rating,17.,https://www.amazon.com/Nine-West-NW-1994WTPK-Gold-Tone/dp/B06XDQMPKP/ref=sr_1_14?dib=eyJ2IjoiMSJ9.LKnE8Sz9g-hZCL8VszAHgTxuWB41q_ZxCQiaRag23YNrwP0O6PcVE6Tu1xqcQl9FrSBp1vZl417U5Az6btrbnVS5C_NDMaWO05R7OMulfDn1_3An6s3j8UkxHDs-wZTw8Slmv2nSpyJSJ0TUXEBAivi_zFbVymJlC7cDxTSDzFCj1mYuwVzyBBdHu0TdxXqHrYUbJvH5g6956_c658Sc068rZUQHUiAhOk1H0BZ9SqI57zD3pswxzslBlUsdCi285cZ_cR-3JCijEFeFgn74qgRWb89jF9v5AGfr_MTsb4c.Apzz0b2AQrjryeoLyF4drcvsLVMm1phD9CduA6UvQi4&dib_tag=se&keywords=women+watch&qid=1727248247&sr=8-14,https://m.media-amazon.com/images/I/712fJMj79IL._AC_UL320_.jpg
Nine West Women's Strap Watch,No rating,19.,https://www.amazon.com/Nine-West-Gold-Tone-NW-2346GPBK/dp/B07T4GYVFD/ref=sr_1_15?dib=eyJ2IjoiMSJ9.LKnE8Sz9g-hZCL8VszAHgTxuWB41q_ZxCQiaRag23YNrwP0O6PcVE6Tu1xqcQl9FrSBp1vZl417U5Az6btrbnVS5C_NDMaWO05R7OMulfDn1_3An6s3j8UkxHDs-wZTw8Slmv2nSpyJSJ0TUXEBAivi_zFbVymJlC7cDxTSDzFCj1mYuwVzyBBdHu0TdxXqHrYUbJvH5g6956_c658Sc068rZUQHUiAhOk1H0BZ9SqI57zD3pswxzslBlUsdCi285cZ_cR-3JCijEFeFgn74qgRWb89jF9v5AGfr_MTsb4c.Apzz0b2AQrjryeoLyF4drcvsLVMm1phD9CduA6UvQi4&dib_tag=se&keywords=women+watch&qid=1727248247&sr=8-15,https://m.media-amazon.com/images/I/61AQr8vOg5L._AC_UL320_.jpg
"Michael Kors Slim Runway Women's Watch, Stainless Steel Bracelet Watch for Women",No rating,78.,https://www.amazon.com/Michael-Kors-Womens-Gold-Tone-MK3513/dp/B01BESQG9K/ref=sr_1_16?dib=eyJ2IjoiMSJ9.LKnE8Sz9g-hZCL8VszAHgTxuWB41q_ZxCQiaRag23YNrwP0O6PcVE6Tu1xqcQl9FrSBp1vZl417U5Az6btrbnVS5C_NDMaWO05R7OMulfDn1_3An6s3j8UkxHDs-wZTw8Slmv2nSpyJSJ0TUXEBAivi_zFbVymJlC7cDxTSDzFCj1mYuwVzyBBdHu0TdxXqHrYUbJvH5g6956_c658Sc068rZUQHUiAhOk1H0BZ9SqI57zD3pswxzslBlUsdCi285cZ_cR-3JCijEFeFgn74qgRWb89jF9v5AGfr_MTsb4c.Apzz0b2AQrjryeoLyF4drcvsLVMm1phD9CduA6UvQi4&dib_tag=se&keywords=women+watch&qid=1727248247&sr=8-16,https://m.media-amazon.com/images/I/51IjI1DKDdL._AC_UL320_.jpg
Skagen Women's Freja Stainless Steel Dress Quartz Watch,No rating,80.,https://www.amazon.com/sspa/click?ie=UTF8&spc=MTo3NzgzNzU4MzczMjUwMTQ4OjE3MjcyNDgyNDc6c3BfbXRmOjMwMDE4NTc1NjAzMDkwMjo6MDo6&url=%2FSkagen-Womens-Quartz-Two-Tone-Stainless%2Fdp%2FB074WBW49S%2Fref%3Dsr_1_17_sspa%3Fdib%3DeyJ2IjoiMSJ9.LKnE8Sz9g-hZCL8VszAHgTxuWB41q_ZxCQiaRag23YNrwP0O6PcVE6Tu1xqcQl9FrSBp1vZl417U5Az6btrbnVS5C_NDMaWO05R7OMulfDn1_3An6s3j8UkxHDs-wZTw8Slmv2nSpyJSJ0TUXEBAivi_zFbVymJlC7cDxTSDzFCj1mYuwVzyBBdHu0TdxXqHrYUbJvH5g6956_c658Sc068rZUQHUiAhOk1H0BZ9SqI57zD3pswxzslBlUsdCi285cZ_cR-3JCijEFeFgn74qgRWb89jF9v5AGfr_MTsb4c.Apzz0b2AQrjryeoLyF4drcvsLVMm1phD9CduA6UvQi4%26dib_tag%3Dse%26keywords%3Dwomen%2Bwatch%26qid%3D1727248247%26sr%3D8-17-spons%26sp_csd%3Dd2lkZ2V0TmFtZT1zcF9tdGY%26psc%3D1,https://m.media-amazon.com/images/I/71K5TjeeFTL._AC_UL320_.jpg
Skagen Women's Watch,No rating,99.,https://www.amazon.com/sspa/click?ie=UTF8&spc=MTo3NzgzNzU4MzczMjUwMTQ4OjE3MjcyNDgyNDc6c3BfbXRmOjMwMDE4NTc1NjAzMTIwMjo6MDo6&url=%2FSkagen-Womens-Signatur-Quartz-Stainless%2Fdp%2FB077SLFNVR%2Fref%3Dsr_1_18_sspa%3Fdib%3DeyJ2IjoiMSJ9.LKnE8Sz9g-hZCL8VszAHgTxuWB41q_ZxCQiaRag23YNrwP0O6PcVE6Tu1xqcQl9FrSBp1vZl417U5Az6btrbnVS5C_NDMaWO05R7OMulfDn1_3An6s3j8UkxHDs-wZTw8Slmv2nSpyJSJ0TUXEBAivi_zFbVymJlC7cDxTSDzFCj1mYuwVzyBBdHu0TdxXqHrYUbJvH5g6956_c658Sc068rZUQHUiAhOk1H0BZ9SqI57zD3pswxzslBlUsdCi285cZ_cR-3JCijEFeFgn74qgRWb89jF9v5AGfr_MTsb4c.Apzz0b2AQrjryeoLyF4drcvsLVMm1phD9CduA6UvQi4%26dib_tag%3Dse%26keywords%3Dwomen%2Bwatch%26qid%3D1727248247%26sr%3D8-18-spons%26sp_csd%3Dd2lkZ2V0TmFtZT1zcF9tdGY%26psc%3D1,https://m.media-amazon.com/images/I/716Q09Kg2EL._AC_UL320_.jpg
Kate Spade New York Park Row Women's Watch with Silicone Band,No rating,111.,https://www.amazon.com/sspa/click?ie=UTF8&spc=MTo3NzgzNzU4MzczMjUwMTQ4OjE3MjcyNDgyNDc6c3BfbXRmOjMwMDE5NjgzOTc3MTUwMjo6MDo6&url=%2FKate-Spade-Dress-Watch-Model%2Fdp%2FB07P612QF3%2Fref%3Dsr_1_19_sspa%3Fdib%3DeyJ2IjoiMSJ9.LKnE8Sz9g-hZCL8VszAHgTxuWB41q_ZxCQiaRag23YNrwP0O6PcVE6Tu1xqcQl9FrSBp1vZl417U5Az6btrbnVS5C_NDMaWO05R7OMulfDn1_3An6s3j8UkxHDs-wZTw8Slmv2nSpyJSJ0TUXEBAivi_zFbVymJlC7cDxTSDzFCj1mYuwVzyBBdHu0TdxXqHrYUbJvH5g6956_c658Sc068rZUQHUiAhOk1H0BZ9SqI57zD3pswxzslBlUsdCi285cZ_cR-3JCijEFeFgn74qgRWb89jF9v5AGfr_MTsb4c.Apzz0b2AQrjryeoLyF4drcvsLVMm1phD9CduA6UvQi4%26dib_tag%3Dse%26keywords%3Dwomen%2Bwatch%26qid%3D1727248247%26sr%3D8-19-spons%26sp_csd%3Dd2lkZ2V0TmFtZT1zcF9tdGY%26psc%3D1,https://m.media-amazon.com/images/I/71wM9LEnphL._AC_UL320_.jpg
Fossil Virginia Women's Watch with Crystal Accents and Self-Adjustable Stainless Steel Bracelet Band,No rating,64.,https://www.amazon.com/sspa/click?ie=UTF8&spc=MTo3NzgzNzU4MzczMjUwMTQ4OjE3MjcyNDgyNDc6c3BfbXRmOjMwMDE3NjgyMDYwMzUwMjo6MDo6&url=%2FFossil-Womens-Virginia-Quartz-Stainless%2Fdp%2FB00AFTT7IW%2Fref%3Dsr_1_20_sspa%3Fdib%3DeyJ2IjoiMSJ9.LKnE8Sz9g-hZCL8VszAHgTxuWB41q_ZxCQiaRag23YNrwP0O6PcVE6Tu1xqcQl9FrSBp1vZl417U5Az6btrbnVS5C_NDMaWO05R7OMulfDn1_3An6s3j8UkxHDs-wZTw8Slmv2nSpyJSJ0TUXEBAivi_zFbVymJlC7cDxTSDzFCj1mYuwVzyBBdHu0TdxXqHrYUbJvH5g6956_c658Sc068rZUQHUiAhOk1H0BZ9SqI57zD3pswxzslBlUsdCi285cZ_cR-3JCijEFeFgn74qgRWb89jF9v5AGfr_MTsb4c.Apzz0b2AQrjryeoLyF4drcvsLVMm1phD9CduA6UvQi4%26dib_tag%3Dse%26keywords%3Dwomen%2Bwatch%26qid%3D1727248247%26sr%3D8-20-spons%26sp_csd%3Dd2lkZ2V0TmFtZT1zcF9tdGY%26psc%3D1,https://m.media-amazon.com/images/I/715C8TUhwQS._AC_UL320_.jpg
Timex Women's Easy Reader Watch,No rating,34.,https://www.amazon.com/Timex-Womens-T2H341-Reader-Leather/dp/B000AYTYK8/ref=sr_1_21?dib=eyJ2IjoiMSJ9.LKnE8Sz9g-hZCL8VszAHgTxuWB41q_ZxCQiaRag23YNrwP0O6PcVE6Tu1xqcQl9FrSBp1vZl417U5Az6btrbnVS5C_NDMaWO05R7OMulfDn1_3An6s3j8UkxHDs-wZTw8Slmv2nSpyJSJ0TUXEBAivi_zFbVymJlC7cDxTSDzFCj1mYuwVzyBBdHu0TdxXqHrYUbJvH5g6956_c658Sc068rZUQHUiAhOk1H0BZ9SqI57zD3pswxzslBlUsdCi285cZ_cR-3JCijEFeFgn74qgRWb89jF9v5AGfr_MTsb4c.Apzz0b2AQrjryeoLyF4drcvsLVMm1phD9CduA6UvQi4&dib_tag=se&keywords=women+watch&qid=1727248247&sr=8-21,https://m.media-amazon.com/images/I/81JlZpq16QL._AC_UL320_.jpg
Anne Klein Women's Resin Bracelet Watch,No rating,30.,https://www.amazon.com/Anne-Klein-Womens-Gold-Tone-Bracelet/dp/B078ZK2DVS/ref=sr_1_22?dib=eyJ2IjoiMSJ9.LKnE8Sz9g-hZCL8VszAHgTxuWB41q_ZxCQiaRag23YNrwP0O6PcVE6Tu1xqcQl9FrSBp1vZl417U5Az6btrbnVS5C_NDMaWO05R7OMulfDn1_3An6s3j8UkxHDs-wZTw8Slmv2nSpyJSJ0TUXEBAivi_zFbVymJlC7cDxTSDzFCj1mYuwVzyBBdHu0TdxXqHrYUbJvH5g6956_c658Sc068rZUQHUiAhOk1H0BZ9SqI57zD3pswxzslBlUsdCi285cZ_cR-3JCijEFeFgn74qgRWb89jF9v5AGfr_MTsb4c.Apzz0b2AQrjryeoLyF4drcvsLVMm1phD9CduA6UvQi4&dib_tag=se&keywords=women+watch&qid=1727248247&sr=8-22,https://m.media-amazon.com/images/I/815ddpJsVGL._AC_UL320_.jpg
Anne Klein Women's Bracelet Watch,No rating,27.,https://www.amazon.com/Anne-Klein-Womens-104899SVTT-Two-Tone/dp/B0006MFKJS/ref=sr_1_23?dib=eyJ2IjoiMSJ9.LKnE8Sz9g-hZCL8VszAHgTxuWB41q_ZxCQiaRag23YNrwP0O6PcVE6Tu1xqcQl9FrSBp1vZl417U5Az6btrbnVS5C_NDMaWO05R7OMulfDn1_3An6s3j8UkxHDs-wZTw8Slmv2nSpyJSJ0TUXEBAivi_zFbVymJlC7cDxTSDzFCj1mYuwVzyBBdHu0TdxXqHrYUbJvH5g6956_c658Sc068rZUQHUiAhOk1H0BZ9SqI57zD3pswxzslBlUsdCi285cZ_cR-3JCijEFeFgn74qgRWb89jF9v5AGfr_MTsb4c.Apzz0b2AQrjryeoLyF4drcvsLVMm1phD9CduA6UvQi4&dib_tag=se&keywords=women+watch&qid=1727248247&sr=8-23,https://m.media-amazon.com/images/I/61OqNgo7LqL._AC_UL320_.jpg
Nine West Women's Gunmetal Bracelet Watch,No rating,20.,https://www.amazon.com/Womens-Gunmetal-Bracelet-NW-2435PRGY/dp/B081J7FQF6/ref=sr_1_24?dib=eyJ2IjoiMSJ9.LKnE8Sz9g-hZCL8VszAHgTxuWB41q_ZxCQiaRag23YNrwP0O6PcVE6Tu1xqcQl9FrSBp1vZl417U5Az6btrbnVS5C_NDMaWO05R7OMulfDn1_3An6s3j8UkxHDs-wZTw8Slmv2nSpyJSJ0TUXEBAivi_zFbVymJlC7cDxTSDzFCj1mYuwVzyBBdHu0TdxXqHrYUbJvH5g6956_c658Sc068rZUQHUiAhOk1H0BZ9SqI57zD3pswxzslBlUsdCi285cZ_cR-3JCijEFeFgn74qgRWb89jF9v5AGfr_MTsb4c.Apzz0b2AQrjryeoLyF4drcvsLVMm1phD9CduA6UvQi4&dib_tag=se&keywords=women+watch&qid=1727248247&sr=8-24,https://m.media-amazon.com/images/I/713KvcFXQCL._AC_UL320_.jpg
Aï½œX ARMANI EXCHANGE Women's Black Stainless Steel Mesh Watch (Model: AX5548),No rating,117.,https://www.amazon.com/sspa/click?ie=UTF8&spc=MTo3NzgzNzU4MzczMjUwMTQ4OjE3MjcyNDgyNDc6c3BfbXRmOjMwMDE4MzgzMTAzMzAwMjo6MDo6&url=%2FArmani-Exchange-Womens-Stainless-AX5548%2Fdp%2FB074WBNHBQ%2Fref%3Dsr_1_25_sspa%3Fdib%3DeyJ2IjoiMSJ9.LKnE8Sz9g-hZCL8VszAHgTxuWB41q_ZxCQiaRag23YNrwP0O6PcVE6Tu1xqcQl9FrSBp1vZl417U5Az6btrbnVS5C_NDMaWO05R7OMulfDn1_3An6s3j8UkxHDs-wZTw8Slmv2nSpyJSJ0TUXEBAivi_zFbVymJlC7cDxTSDzFCj1mYuwVzyBBdHu0TdxXqHrYUbJvH5g6956_c658Sc068rZUQHUiAhOk1H0BZ9SqI57zD3pswxzslBlUsdCi285cZ_cR-3JCijEFeFgn74qgRWb89jF9v5AGfr_MTsb4c.Apzz0b2AQrjryeoLyF4drcvsLVMm1phD9CduA6UvQi4%26dib_tag%3Dse%26keywords%3Dwomen%2Bwatch%26qid%3D1727248247%26sr%3D8-25-spons%26sp_csd%3Dd2lkZ2V0TmFtZT1zcF9tdGY%26psc%3D1,https://m.media-amazon.com/images/I/71-rvBmFFzL._AC_UL320_.jpg
Mickey Mouse Adult Classic Cardiff Articulating Hands Analog Quartz Leather Strap Watch,No rating,35.,https://www.amazon.com/sspa/click?ie=UTF8&spc=MTo3NzgzNzU4MzczMjUwMTQ4OjE3MjcyNDgyNDc6c3BfbXRmOjMwMDEyOTAwNTEzMTkwMjo6MDo6&url=%2FDisney-Womens-Mickey-Mouse-Quartz%2Fdp%2FB01CEBBKOM%2Fref%3Dsr_1_26_sspa%3Fdib%3DeyJ2IjoiMSJ9.LKnE8Sz9g-hZCL8VszAHgTxuWB41q_ZxCQiaRag23YNrwP0O6PcVE6Tu1xqcQl9FrSBp1vZl417U5Az6btrbnVS5C_NDMaWO05R7OMulfDn1_3An6s3j8UkxHDs-wZTw8Slmv2nSpyJSJ0TUXEBAivi_zFbVymJlC7cDxTSDzFCj1mYuwVzyBBdHu0TdxXqHrYUbJvH5g6956_c658Sc068rZUQHUiAhOk1H0BZ9SqI57zD3pswxzslBlUsdCi285cZ_cR-3JCijEFeFgn74qgRWb89jF9v5AGfr_MTsb4c.Apzz0b2AQrjryeoLyF4drcvsLVMm1phD9CduA6UvQi4%26dib_tag%3Dse%26keywords%3Dwomen%2Bwatch%26qid%3D1727248247%26sr%3D8-26-spons%26sp_csd%3Dd2lkZ2V0TmFtZT1zcF9tdGY%26psc%3D1,https://m.media-amazon.com/images/I/61Kd0JKXV-L._AC_UL320_.jpg
Anne Klein Women's Genuine Diamond Dial Bangle Watch,No rating,27.,https://www.amazon.com/Anne-Klein-AK-2626RGRG-Diamond-Accented/dp/B01H5CQFPO/ref=sr_1_27?dib=eyJ2IjoiMSJ9.LKnE8Sz9g-hZCL8VszAHgTxuWB41q_ZxCQiaRag23YNrwP0O6PcVE6Tu1xqcQl9FrSBp1vZl417U5Az6btrbnVS5C_NDMaWO05R7OMulfDn1_3An6s3j8UkxHDs-wZTw8Slmv2nSpyJSJ0TUXEBAivi_zFbVymJlC7cDxTSDzFCj1mYuwVzyBBdHu0TdxXqHrYUbJvH5g6956_c658Sc068rZUQHUiAhOk1H0BZ9SqI57zD3pswxzslBlUsdCi285cZ_cR-3JCijEFeFgn74qgRWb89jF9v5AGfr_MTsb4c.Apzz0b2AQrjryeoLyF4drcvsLVMm1phD9CduA6UvQi4&dib_tag=se&keywords=women+watch&qid=1727248247&sr=8-27,https://m.media-amazon.com/images/I/81iAfA+bwbL._AC_UL320_.jpg
Anne Klein Women's Leather Strap Watch,No rating,20.,https://www.amazon.com/Anne-Klein-AK-2706CHBK-Gold-Tone/dp/B01H1UHV5S/ref=sr_1_28?dib=eyJ2IjoiMSJ9.LKnE8Sz9g-hZCL8VszAHgTxuWB41q_ZxCQiaRag23YNrwP0O6PcVE6Tu1xqcQl9FrSBp1vZl417U5Az6btrbnVS5C_NDMaWO05R7OMulfDn1_3An6s3j8UkxHDs-wZTw8Slmv2nSpyJSJ0TUXEBAivi_zFbVymJlC7cDxTSDzFCj1mYuwVzyBBdHu0TdxXqHrYUbJvH5g6956_c658Sc068rZUQHUiAhOk1H0BZ9SqI57zD3pswxzslBlUsdCi285cZ_cR-3JCijEFeFgn74qgRWb89jF9v5AGfr_MTsb4c.Apzz0b2AQrjryeoLyF4drcvsLVMm1phD9CduA6UvQi4&dib_tag=se&keywords=women+watch&qid=1727248247&sr=8-28,https://m.media-amazon.com/images/I/61u9FaAuQGL._AC_UL320_.jpg
Anne Klein Women's Genuine Diamond Dial Bracelet Watch,No rating,31.,https://www.amazon.com/Anne-Klein-AK-1362GNRG-Gold-Toned/dp/B07FBJFLJJ/ref=sr_1_29?dib=eyJ2IjoiMSJ9.LKnE8Sz9g-hZCL8VszAHgTxuWB41q_ZxCQiaRag23YNrwP0O6PcVE6Tu1xqcQl9FrSBp1vZl417U5Az6btrbnVS5C_NDMaWO05R7OMulfDn1_3An6s3j8UkxHDs-wZTw8Slmv2nSpyJSJ0TUXEBAivi_zFbVymJlC7cDxTSDzFCj1mYuwVzyBBdHu0TdxXqHrYUbJvH5g6956_c658Sc068rZUQHUiAhOk1H0BZ9SqI57zD3pswxzslBlUsdCi285cZ_cR-3JCijEFeFgn74qgRWb89jF9v5AGfr_MTsb4c.Apzz0b2AQrjryeoLyF4drcvsLVMm1phD9CduA6UvQi4&dib_tag=se&keywords=women+watch&qid=1727248247&sr=8-29,https://m.media-amazon.com/images/I/71xFEiIvItS._AC_UL320_.jpg
Anne Klein Women's Bracelet Watch,No rating,22.,https://www.amazon.com/Anne-Klein-AK-2787SVTT-Two-Tone/dp/B01H1V6JMS/ref=sr_1_30?dib=eyJ2IjoiMSJ9.LKnE8Sz9g-hZCL8VszAHgTxuWB41q_ZxCQiaRag23YNrwP0O6PcVE6Tu1xqcQl9FrSBp1vZl417U5Az6btrbnVS5C_NDMaWO05R7OMulfDn1_3An6s3j8UkxHDs-wZTw8Slmv2nSpyJSJ0TUXEBAivi_zFbVymJlC7cDxTSDzFCj1mYuwVzyBBdHu0TdxXqHrYUbJvH5g6956_c658Sc068rZUQHUiAhOk1H0BZ9SqI57zD3pswxzslBlUsdCi285cZ_cR-3JCijEFeFgn74qgRWb89jF9v5AGfr_MTsb4c.Apzz0b2AQrjryeoLyF4drcvsLVMm1phD9CduA6UvQi4&dib_tag=se&keywords=women+watch&qid=1727248247&sr=8-30,https://m.media-amazon.com/images/I/81K7PRwX9oL._AC_UL320_.jpg
Nine West Women's Bracelet Watch,No rating,18.,https://www.amazon.com/Nine-West-Silver-Tone-NW-2337OMSV/dp/B07SZ5QXH4/ref=sr_1_31?dib=eyJ2IjoiMSJ9.LKnE8Sz9g-hZCL8VszAHgTxuWB41q_ZxCQiaRag23YNrwP0O6PcVE6Tu1xqcQl9FrSBp1vZl417U5Az6btrbnVS5C_NDMaWO05R7OMulfDn1_3An6s3j8UkxHDs-wZTw8Slmv2nSpyJSJ0TUXEBAivi_zFbVymJlC7cDxTSDzFCj1mYuwVzyBBdHu0TdxXqHrYUbJvH5g6956_c658Sc068rZUQHUiAhOk1H0BZ9SqI57zD3pswxzslBlUsdCi285cZ_cR-3JCijEFeFgn74qgRWb89jF9v5AGfr_MTsb4c.Apzz0b2AQrjryeoLyF4drcvsLVMm1phD9CduA6UvQi4&dib_tag=se&keywords=women+watch&qid=1727248247&sr=8-31,https://m.media-amazon.com/images/I/91H3ETNzJ3L._AC_UL320_.jpg
Anne Klein Women's Date Function Bracelet Watch,No rating,28.,https://www.amazon.com/Anne-Klein-Womens-10-6777SVTT-Two-Tone/dp/B000PU3IJ0/ref=sr_1_32?dib=eyJ2IjoiMSJ9.LKnE8Sz9g-hZCL8VszAHgTxuWB41q_ZxCQiaRag23YNrwP0O6PcVE6Tu1xqcQl9FrSBp1vZl417U5Az6btrbnVS5C_NDMaWO05R7OMulfDn1_3An6s3j8UkxHDs-wZTw8Slmv2nSpyJSJ0TUXEBAivi_zFbVymJlC7cDxTSDzFCj1mYuwVzyBBdHu0TdxXqHrYUbJvH5g6956_c658Sc068rZUQHUiAhOk1H0BZ9SqI57zD3pswxzslBlUsdCi285cZ_cR-3JCijEFeFgn74qgRWb89jF9v5AGfr_MTsb4c.Apzz0b2AQrjryeoLyF4drcvsLVMm1phD9CduA6UvQi4&dib_tag=se&keywords=women+watch&qid=1727248247&sr=8-32,https://m.media-amazon.com/images/I/71HA+YjsWcL._AC_UL320_.jpg
Michael Kors Darci Three-Hand Rose Gold-Tone Women's Watch (Model: MK3192),No rating,100.,https://www.amazon.com/Michael-Kors-Womens-Gold-Tone-MK3192/dp/B009DFSRZS/ref=sr_1_33?dib=eyJ2IjoiMSJ9.LKnE8Sz9g-hZCL8VszAHgTxuWB41q_ZxCQiaRag23YNrwP0O6PcVE6Tu1xqcQl9FrSBp1vZl417U5Az6btrbnVS5C_NDMaWO05R7OMulfDn1_3An6s3j8UkxHDs-wZTw8Slmv2nSpyJSJ0TUXEBAivi_zFbVymJlC7cDxTSDzFCj1mYuwVzyBBdHu0TdxXqHrYUbJvH5g6956_c658Sc068rZUQHUiAhOk1H0BZ9SqI57zD3pswxzslBlUsdCi285cZ_cR-3JCijEFeFgn74qgRWb89jF9v5AGfr_MTsb4c.Apzz0b2AQrjryeoLyF4drcvsLVMm1phD9CduA6UvQi4&dib_tag=se&keywords=women+watch&qid=1727248247&sr=8-33,https://m.media-amazon.com/images/I/71N7p23TNWL._AC_UL320_.jpg
Nine West Women's Mesh Bracelet Watch,No rating,19.,https://www.amazon.com/Nine-West-Womens-Japanese-Stainless/dp/B0979QJWQJ/ref=sr_1_34?dib=eyJ2IjoiMSJ9.LKnE8Sz9g-hZCL8VszAHgTxuWB41q_ZxCQiaRag23YNrwP0O6PcVE6Tu1xqcQl9FrSBp1vZl417U5Az6btrbnVS5C_NDMaWO05R7OMulfDn1_3An6s3j8UkxHDs-wZTw8Slmv2nSpyJSJ0TUXEBAivi_zFbVymJlC7cDxTSDzFCj1mYuwVzyBBdHu0TdxXqHrYUbJvH5g6956_c658Sc068rZUQHUiAhOk1H0BZ9SqI57zD3pswxzslBlUsdCi285cZ_cR-3JCijEFeFgn74qgRWb89jF9v5AGfr_MTsb4c.Apzz0b2AQrjryeoLyF4drcvsLVMm1phD9CduA6UvQi4&dib_tag=se&keywords=women+watch&qid=1727248247&sr=8-34,https://m.media-amazon.com/images/I/71IgiZ2pkjL._AC_UL320_.jpg
Timex Women's Easy Reader Watch,No rating,35.,https://www.amazon.com/Timex-Womens-TW2R62700-Gold-Tone-Leather/dp/B079HX636X/ref=sr_1_35?dib=eyJ2IjoiMSJ9.LKnE8Sz9g-hZCL8VszAHgTxuWB41q_ZxCQiaRag23YNrwP0O6PcVE6Tu1xqcQl9FrSBp1vZl417U5Az6btrbnVS5C_NDMaWO05R7OMulfDn1_3An6s3j8UkxHDs-wZTw8Slmv2nSpyJSJ0TUXEBAivi_zFbVymJlC7cDxTSDzFCj1mYuwVzyBBdHu0TdxXqHrYUbJvH5g6956_c658Sc068rZUQHUiAhOk1H0BZ9SqI57zD3pswxzslBlUsdCi285cZ_cR-3JCijEFeFgn74qgRWb89jF9v5AGfr_MTsb4c.Apzz0b2AQrjryeoLyF4drcvsLVMm1phD9CduA6UvQi4&dib_tag=se&keywords=women+watch&qid=1727248247&sr=8-35,https://m.media-amazon.com/images/I/61eV5RQyLRL._AC_UL320_.jpg
Anne Klein Women's Bracelet Watch,No rating,35.,https://www.amazon.com/Anne-Klein-Womens-Two-Tone-Bracelet/dp/B00ZHNSL9C/ref=sr_1_36?dib=eyJ2IjoiMSJ9.LKnE8Sz9g-hZCL8VszAHgTxuWB41q_ZxCQiaRag23YNrwP0O6PcVE6Tu1xqcQl9FrSBp1vZl417U5Az6btrbnVS5C_NDMaWO05R7OMulfDn1_3An6s3j8UkxHDs-wZTw8Slmv2nSpyJSJ0TUXEBAivi_zFbVymJlC7cDxTSDzFCj1mYuwVzyBBdHu0TdxXqHrYUbJvH5g6956_c658Sc068rZUQHUiAhOk1H0BZ9SqI57zD3pswxzslBlUsdCi285cZ_cR-3JCijEFeFgn74qgRWb89jF9v5AGfr_MTsb4c.Apzz0b2AQrjryeoLyF4drcvsLVMm1phD9CduA6UvQi4&dib_tag=se&keywords=women+watch&qid=1727248247&sr=8-36,https://m.media-amazon.com/images/I/81-apmJINgL._AC_UL320_.jpg
Timex Women's Easy Reader Watch,No rating,41.,https://www.amazon.com/Timex-Womens-Easy-Reader-Watch/dp/B000AYW0KO/ref=sr_1_37?dib=eyJ2IjoiMSJ9.LKnE8Sz9g-hZCL8VszAHgTxuWB41q_ZxCQiaRag23YNrwP0O6PcVE6Tu1xqcQl9FrSBp1vZl417U5Az6btrbnVS5C_NDMaWO05R7OMulfDn1_3An6s3j8UkxHDs-wZTw8Slmv2nSpyJSJ0TUXEBAivi_zFbVymJlC7cDxTSDzFCj1mYuwVzyBBdHu0TdxXqHrYUbJvH5g6956_c658Sc068rZUQHUiAhOk1H0BZ9SqI57zD3pswxzslBlUsdCi285cZ_cR-3JCijEFeFgn74qgRWb89jF9v5AGfr_MTsb4c.Apzz0b2AQrjryeoLyF4drcvsLVMm1phD9CduA6UvQi4&dib_tag=se&keywords=women+watch&qid=1727248247&sr=8-37,https://m.media-amazon.com/images/I/61dDzkYaiZL._AC_UL320_.jpg
Nine West Women's Strap Watch,No rating,17.,https://www.amazon.com/Nine-West-NW-1856NTNT-Gold-Tone/dp/B01DVTFRTA/ref=sr_1_38?dib=eyJ2IjoiMSJ9.LKnE8Sz9g-hZCL8VszAHgTxuWB41q_ZxCQiaRag23YNrwP0O6PcVE6Tu1xqcQl9FrSBp1vZl417U5Az6btrbnVS5C_NDMaWO05R7OMulfDn1_3An6s3j8UkxHDs-wZTw8Slmv2nSpyJSJ0TUXEBAivi_zFbVymJlC7cDxTSDzFCj1mYuwVzyBBdHu0TdxXqHrYUbJvH5g6956_c658Sc068rZUQHUiAhOk1H0BZ9SqI57zD3pswxzslBlUsdCi285cZ_cR-3JCijEFeFgn74qgRWb89jF9v5AGfr_MTsb4c.Apzz0b2AQrjryeoLyF4drcvsLVMm1phD9CduA6UvQi4&dib_tag=se&keywords=women+watch&qid=1727248247&sr=8-38,https://m.media-amazon.com/images/I/81yd4o7uKZL._AC_UL320_.jpg
Anne Klein Women's Genuine Diamond Dial Ceramic Bracelet Watch,No rating,34.,https://www.amazon.com/Anne-Klein-AK-1018BKBK-Bracelet/dp/B008BLZU50/ref=sr_1_39?dib=eyJ2IjoiMSJ9.LKnE8Sz9g-hZCL8VszAHgTxuWB41q_ZxCQiaRag23YNrwP0O6PcVE6Tu1xqcQl9FrSBp1vZl417U5Az6btrbnVS5C_NDMaWO05R7OMulfDn1_3An6s3j8UkxHDs-wZTw8Slmv2nSpyJSJ0TUXEBAivi_zFbVymJlC7cDxTSDzFCj1mYuwVzyBBdHu0TdxXqHrYUbJvH5g6956_c658Sc068rZUQHUiAhOk1H0BZ9SqI57zD3pswxzslBlUsdCi285cZ_cR-3JCijEFeFgn74qgRWb89jF9v5AGfr_MTsb4c.Apzz0b2AQrjryeoLyF4drcvsLVMm1phD9CduA6UvQi4&dib_tag=se&keywords=women+watch&qid=1727248247&sr=8-39,https://m.media-amazon.com/images/I/710EMVovd5L._AC_UL320_.jpg
Anne Klein Women's Resin Bracelet Watch,No rating,26.,https://www.amazon.com/Anne-Klein-AK-1413LBSV-Silver-Tone/dp/B07L6Y2SGL/ref=sr_1_40?dib=eyJ2IjoiMSJ9.LKnE8Sz9g-hZCL8VszAHgTxuWB41q_ZxCQiaRag23YNrwP0O6PcVE6Tu1xqcQl9FrSBp1vZl417U5Az6btrbnVS5C_NDMaWO05R7OMulfDn1_3An6s3j8UkxHDs-wZTw8Slmv2nSpyJSJ0TUXEBAivi_zFbVymJlC7cDxTSDzFCj1mYuwVzyBBdHu0TdxXqHrYUbJvH5g6956_c658Sc068rZUQHUiAhOk1H0BZ9SqI57zD3pswxzslBlUsdCi285cZ_cR-3JCijEFeFgn74qgRWb89jF9v5AGfr_MTsb4c.Apzz0b2AQrjryeoLyF4drcvsLVMm1phD9CduA6UvQi4&dib_tag=se&keywords=women+watch&qid=1727248247&sr=8-40,https://m.media-amazon.com/images/I/815l-fWkgmL._AC_UL320_.jpg
Casio Women's Vintage LA670WGA-1DF Daily Alarm Digital Gold-tone Watch,No rating,Price not available,https://www.amazon.com/Casio-Vintage-LA670WGA-1DF-Digital-Gold-tone/dp/B003BJFQW4/ref=sr_1_41?dib=eyJ2IjoiMSJ9.LKnE8Sz9g-hZCL8VszAHgTxuWB41q_ZxCQiaRag23YNrwP0O6PcVE6Tu1xqcQl9FrSBp1vZl417U5Az6btrbnVS5C_NDMaWO05R7OMulfDn1_3An6s3j8UkxHDs-wZTw8Slmv2nSpyJSJ0TUXEBAivi_zFbVymJlC7cDxTSDzFCj1mYuwVzyBBdHu0TdxXqHrYUbJvH5g6956_c658Sc068rZUQHUiAhOk1H0BZ9SqI57zD3pswxzslBlUsdCi285cZ_cR-3JCijEFeFgn74qgRWb89jF9v5AGfr_MTsb4c.Apzz0b2AQrjryeoLyF4drcvsLVMm1phD9CduA6UvQi4&dib_tag=se&keywords=women+watch&qid=1727248247&sr=8-41,https://m.media-amazon.com/images/I/61wgVZBtAAL._AC_UL320_.jpg
Nine West Women's Bracelet Watch,No rating,19.,https://www.amazon.com/Gunmetal-Silver-Tone-Bracelet-NW-2429FLGY/dp/B081JCPMZF/ref=sr_1_42?dib=eyJ2IjoiMSJ9.LKnE8Sz9g-hZCL8VszAHgTxuWB41q_ZxCQiaRag23YNrwP0O6PcVE6Tu1xqcQl9FrSBp1vZl417U5Az6btrbnVS5C_NDMaWO05R7OMulfDn1_3An6s3j8UkxHDs-wZTw8Slmv2nSpyJSJ0TUXEBAivi_zFbVymJlC7cDxTSDzFCj1mYuwVzyBBdHu0TdxXqHrYUbJvH5g6956_c658Sc068rZUQHUiAhOk1H0BZ9SqI57zD3pswxzslBlUsdCi285cZ_cR-3JCijEFeFgn74qgRWb89jF9v5AGfr_MTsb4c.Apzz0b2AQrjryeoLyF4drcvsLVMm1phD9CduA6UvQi4&dib_tag=se&keywords=women+watch&qid=1727248247&sr=8-42,https://m.media-amazon.com/images/I/71LmF0j+BfL._AC_UL320_.jpg
Timex Women's Easy Reader Watch,No rating,35.,https://www.amazon.com/Timex-Womens-Easy-Reader-Watch/dp/B00HYUS5PG/ref=sr_1_43?dib=eyJ2IjoiMSJ9.LKnE8Sz9g-hZCL8VszAHgTxuWB41q_ZxCQiaRag23YNrwP0O6PcVE6Tu1xqcQl9FrSBp1vZl417U5Az6btrbnVS5C_NDMaWO05R7OMulfDn1_3An6s3j8UkxHDs-wZTw8Slmv2nSpyJSJ0TUXEBAivi_zFbVymJlC7cDxTSDzFCj1mYuwVzyBBdHu0TdxXqHrYUbJvH5g6956_c658Sc068rZUQHUiAhOk1H0BZ9SqI57zD3pswxzslBlUsdCi285cZ_cR-3JCijEFeFgn74qgRWb89jF9v5AGfr_MTsb4c.Apzz0b2AQrjryeoLyF4drcvsLVMm1phD9CduA6UvQi4&dib_tag=se&keywords=women+watch&qid=1727248247&sr=8-43,https://m.media-amazon.com/images/I/61KD+QbD-BL._AC_UL320_.jpg
Nine West Women's Floral Dial Strap Watch,No rating,17.,https://www.amazon.com/Nine-West-NW-2044RGPK-Gold-Tone/dp/B072KMX19N/ref=sr_1_44?dib=eyJ2IjoiMSJ9.LKnE8Sz9g-hZCL8VszAHgTxuWB41q_ZxCQiaRag23YNrwP0O6PcVE6Tu1xqcQl9FrSBp1vZl417U5Az6btrbnVS5C_NDMaWO05R7OMulfDn1_3An6s3j8UkxHDs-wZTw8Slmv2nSpyJSJ0TUXEBAivi_zFbVymJlC7cDxTSDzFCj1mYuwVzyBBdHu0TdxXqHrYUbJvH5g6956_c658Sc068rZUQHUiAhOk1H0BZ9SqI57zD3pswxzslBlUsdCi285cZ_cR-3JCijEFeFgn74qgRWb89jF9v5AGfr_MTsb4c.Apzz0b2AQrjryeoLyF4drcvsLVMm1phD9CduA6UvQi4&dib_tag=se&keywords=women+watch&qid=1727248247&sr=8-44,https://m.media-amazon.com/images/I/91tFCHrU6zL._AC_UL320_.jpg
"Fossil Women's Riley Quartz Stainless Steel Multifunction Watch, Color: Rose Gold Glitz (Model: ES2811)",No rating,67.,https://www.amazon.com/Fossil-Womens-Riley-Quartz-Stainless/dp/B004D4S7AY/ref=sr_1_45?dib=eyJ2IjoiMSJ9.LKnE8Sz9g-hZCL8VszAHgTxuWB41q_ZxCQiaRag23YNrwP0O6PcVE6Tu1xqcQl9FrSBp1vZl417U5Az6btrbnVS5C_NDMaWO05R7OMulfDn1_3An6s3j8UkxHDs-wZTw8Slmv2nSpyJSJ0TUXEBAivi_zFbVymJlC7cDxTSDzFCj1mYuwVzyBBdHu0TdxXqHrYUbJvH5g6956_c658Sc068rZUQHUiAhOk1H0BZ9SqI57zD3pswxzslBlUsdCi285cZ_cR-3JCijEFeFgn74qgRWb89jF9v5AGfr_MTsb4c.Apzz0b2AQrjryeoLyF4drcvsLVMm1phD9CduA6UvQi4&dib_tag=se&keywords=women+watch&qid=1727248247&sr=8-45,https://m.media-amazon.com/images/I/71CCvrJ5JBL._AC_UL320_.jpg
Casio Women's LQ139A-1B3 Black Classic Analog Casual Watch,No rating,14.,https://www.amazon.com/Casio-Womens-LQ139A-1B3-Black-Classic/dp/B000GB0G2K/ref=sr_1_46?dib=eyJ2IjoiMSJ9.LKnE8Sz9g-hZCL8VszAHgTxuWB41q_ZxCQiaRag23YNrwP0O6PcVE6Tu1xqcQl9FrSBp1vZl417U5Az6btrbnVS5C_NDMaWO05R7OMulfDn1_3An6s3j8UkxHDs-wZTw8Slmv2nSpyJSJ0TUXEBAivi_zFbVymJlC7cDxTSDzFCj1mYuwVzyBBdHu0TdxXqHrYUbJvH5g6956_c658Sc068rZUQHUiAhOk1H0BZ9SqI57zD3pswxzslBlUsdCi285cZ_cR-3JCijEFeFgn74qgRWb89jF9v5AGfr_MTsb4c.Apzz0b2AQrjryeoLyF4drcvsLVMm1phD9CduA6UvQi4&dib_tag=se&keywords=women+watch&qid=1727248247&sr=8-46,https://m.media-amazon.com/images/I/61mwxJmJT0L._AC_UL320_.jpg
"Fossil Women's Riley Quartz Stainless Steel and Leather Multifunction Watch, Color: Rose Gold, Sand (Model: ES3466)",No rating,80.,https://www.amazon.com/Fossil-ES3466-Gold-Tone-Stainless-Leather/dp/B00HVBJ6W4/ref=sr_1_47?dib=eyJ2IjoiMSJ9.LKnE8Sz9g-hZCL8VszAHgTxuWB41q_ZxCQiaRag23YNrwP0O6PcVE6Tu1xqcQl9FrSBp1vZl417U5Az6btrbnVS5C_NDMaWO05R7OMulfDn1_3An6s3j8UkxHDs-wZTw8Slmv2nSpyJSJ0TUXEBAivi_zFbVymJlC7cDxTSDzFCj1mYuwVzyBBdHu0TdxXqHrYUbJvH5g6956_c658Sc068rZUQHUiAhOk1H0BZ9SqI57zD3pswxzslBlUsdCi285cZ_cR-3JCijEFeFgn74qgRWb89jF9v5AGfr_MTsb4c.Apzz0b2AQrjryeoLyF4drcvsLVMm1phD9CduA6UvQi4&dib_tag=se&keywords=women+watch&qid=1727248247&sr=8-47,https://m.media-amazon.com/images/I/71L69MmcufL._AC_UL320_.jpg
GUESS Women's Silver-Tone Multi-Chain Bracelet Watch,No rating,90.,https://www.amazon.com/GUESS-Gold-Tone-Multi-Chain-Bracelet-Self-Adjustable/dp/B0797D3J94/ref=sr_1_48?dib=eyJ2IjoiMSJ9.LKnE8Sz9g-hZCL8VszAHgTxuWB41q_ZxCQiaRag23YNrwP0O6PcVE6Tu1xqcQl9FrSBp1vZl417U5Az6btrbnVS5C_NDMaWO05R7OMulfDn1_3An6s3j8UkxHDs-wZTw8Slmv2nSpyJSJ0TUXEBAivi_zFbVymJlC7cDxTSDzFCj1mYuwVzyBBdHu0TdxXqHrYUbJvH5g6956_c658Sc068rZUQHUiAhOk1H0BZ9SqI57zD3pswxzslBlUsdCi285cZ_cR-3JCijEFeFgn74qgRWb89jF9v5AGfr_MTsb4c.Apzz0b2AQrjryeoLyF4drcvsLVMm1phD9CduA6UvQi4&dib_tag=se&keywords=women+watch&qid=1727248247&sr=8-48,https://m.media-amazon.com/images/I/719M-GcMdRL._AC_UL320_.jpg
Anne Klein Women's Bracelet Watch,No rating,29.,https://www.amazon.com/Anne-Klein-Womens-Japanese-Quartz/dp/B09NWG51YL/ref=sr_1_49?dib=eyJ2IjoiMSJ9.LKnE8Sz9g-hZCL8VszAHgTxuWB41q_ZxCQiaRag23YNrwP0O6PcVE6Tu1xqcQl9FrSBp1vZl417U5Az6btrbnVS5C_NDMaWO05R7OMulfDn1_3An6s3j8UkxHDs-wZTw8Slmv2nSpyJSJ0TUXEBAivi_zFbVymJlC7cDxTSDzFCj1mYuwVzyBBdHu0TdxXqHrYUbJvH5g6956_c658Sc068rZUQHUiAhOk1H0BZ9SqI57zD3pswxzslBlUsdCi285cZ_cR-3JCijEFeFgn74qgRWb89jF9v5AGfr_MTsb4c.Apzz0b2AQrjryeoLyF4drcvsLVMm1phD9CduA6UvQi4&dib_tag=se&keywords=women+watch&qid=1727248247&sr=8-49,https://m.media-amazon.com/images/I/41eVwddMoVL._AC_UL320_.jpg
"Fossil Women's Scarlette Mini Quartz Stainless Steel Three-Hand Watch, Color: Silver Glitz (Model: ES4317)",No rating,87.,https://www.amazon.com/Fossil-Womens-Scarlette-Quartz-Stainless-Steel/dp/B074ZK2YLD/ref=sr_1_50?dib=eyJ2IjoiMSJ9.LKnE8Sz9g-hZCL8VszAHgTxuWB41q_ZxCQiaRag23YNrwP0O6PcVE6Tu1xqcQl9FrSBp1vZl417U5Az6btrbnVS5C_NDMaWO05R7OMulfDn1_3An6s3j8UkxHDs-wZTw8Slmv2nSpyJSJ0TUXEBAivi_zFbVymJlC7cDxTSDzFCj1mYuwVzyBBdHu0TdxXqHrYUbJvH5g6956_c658Sc068rZUQHUiAhOk1H0BZ9SqI57zD3pswxzslBlUsdCi285cZ_cR-3JCijEFeFgn74qgRWb89jF9v5AGfr_MTsb4c.Apzz0b2AQrjryeoLyF4drcvsLVMm1phD9CduA6UvQi4&dib_tag=se&keywords=women+watch&qid=1727248247&sr=8-50,https://m.media-amazon.com/images/I/71I8Ow8di2L._AC_UL320_.jpg
"Michael Kors Lexington Women's Watch, Stainless Steel Chronograph Watch for Women",No rating,168.,https://www.amazon.com/Michael-Kors-Lexington-Gold-Tone-Stainless/dp/B0CFVJZYBZ/ref=sr_1_51?dib=eyJ2IjoiMSJ9.LKnE8Sz9g-hZCL8VszAHgTxuWB41q_ZxCQiaRag23YNrwP0O6PcVE6Tu1xqcQl9FrSBp1vZl417U5Az6btrbnVS5C_NDMaWO05R7OMulfDn1_3An6s3j8UkxHDs-wZTw8Slmv2nSpyJSJ0TUXEBAivi_zFbVymJlC7cDxTSDzFCj1mYuwVzyBBdHu0TdxXqHrYUbJvH5g6956_c658Sc068rZUQHUiAhOk1H0BZ9SqI57zD3pswxzslBlUsdCi285cZ_cR-3JCijEFeFgn74qgRWb89jF9v5AGfr_MTsb4c.Apzz0b2AQrjryeoLyF4drcvsLVMm1phD9CduA6UvQi4&dib_tag=se&keywords=women+watch&qid=1727248247&sr=8-51,https://m.media-amazon.com/images/I/61MjEtfKfQL._AC_UL320_.jpg
"Fossil Women's Scarlette Mini Quartz Stainless Steel Three-Hand Watch, Color: Gold/Silver (Model: ES4949)",No rating,108.,https://www.amazon.com/Fossil-Womens-Scarlette-Stainless-Multicolor/dp/B08KTTQFBV/ref=sr_1_52?dib=eyJ2IjoiMSJ9.LKnE8Sz9g-hZCL8VszAHgTxuWB41q_ZxCQiaRag23YNrwP0O6PcVE6Tu1xqcQl9FrSBp1vZl417U5Az6btrbnVS5C_NDMaWO05R7OMulfDn1_3An6s3j8UkxHDs-wZTw8Slmv2nSpyJSJ0TUXEBAivi_zFbVymJlC7cDxTSDzFCj1mYuwVzyBBdHu0TdxXqHrYUbJvH5g6956_c658Sc068rZUQHUiAhOk1H0BZ9SqI57zD3pswxzslBlUsdCi285cZ_cR-3JCijEFeFgn74qgRWb89jF9v5AGfr_MTsb4c.Apzz0b2AQrjryeoLyF4drcvsLVMm1phD9CduA6UvQi4&dib_tag=se&keywords=women+watch&qid=1727248247&sr=8-52,https://m.media-amazon.com/images/I/71GGKKgmRlL._AC_UL320_.jpg
Michael Kors Pyper Three-Hand Gold-Tone Stainless Steel Women's Watch (Model: MK3898),No rating,150.,https://www.amazon.com/Michael-Kors-Womens-Pyper-MK3898/dp/B07CJKN6H2/ref=sr_1_53?dib=eyJ2IjoiMSJ9.LKnE8Sz9g-hZCL8VszAHgTxuWB41q_ZxCQiaRag23YNrwP0O6PcVE6Tu1xqcQl9FrSBp1vZl417U5Az6btrbnVS5C_NDMaWO05R7OMulfDn1_3An6s3j8UkxHDs-wZTw8Slmv2nSpyJSJ0TUXEBAivi_zFbVymJlC7cDxTSDzFCj1mYuwVzyBBdHu0TdxXqHrYUbJvH5g6956_c658Sc068rZUQHUiAhOk1H0BZ9SqI57zD3pswxzslBlUsdCi285cZ_cR-3JCijEFeFgn74qgRWb89jF9v5AGfr_MTsb4c.Apzz0b2AQrjryeoLyF4drcvsLVMm1phD9CduA6UvQi4&dib_tag=se&keywords=women+watch&qid=1727248247&sr=8-53,https://m.media-amazon.com/images/I/61dzGA9TjxL._AC_UL320_.jpg
Timex Unisex T2N647 Weekender 38mm Black Nylon Slip,No rating,38.,https://www.amazon.com/Timex-Unisex-T2N651-Weekender-Slip-Thru/dp/B004VR9HP2/ref=sr_1_54?dib=eyJ2IjoiMSJ9.LKnE8Sz9g-hZCL8VszAHgTxuWB41q_ZxCQiaRag23YNrwP0O6PcVE6Tu1xqcQl9FrSBp1vZl417U5Az6btrbnVS5C_NDMaWO05R7OMulfDn1_3An6s3j8UkxHDs-wZTw8Slmv2nSpyJSJ0TUXEBAivi_zFbVymJlC7cDxTSDzFCj1mYuwVzyBBdHu0TdxXqHrYUbJvH5g6956_c658Sc068rZUQHUiAhOk1H0BZ9SqI57zD3pswxzslBlUsdCi285cZ_cR-3JCijEFeFgn74qgRWb89jF9v5AGfr_MTsb4c.Apzz0b2AQrjryeoLyF4drcvsLVMm1phD9CduA6UvQi4&dib_tag=se&keywords=women+watch&qid=1727248247&sr=8-54,https://m.media-amazon.com/images/I/71FcK0+PVCL._AC_UL320_.jpg
Nine West Women's Bracelet Watch,No rating,16.,https://www.amazon.com/Nine-West-NW-2225BKRT-Gold-Tone/dp/B07H3HTZDR/ref=sr_1_55?dib=eyJ2IjoiMSJ9.LKnE8Sz9g-hZCL8VszAHgTxuWB41q_ZxCQiaRag23YNrwP0O6PcVE6Tu1xqcQl9FrSBp1vZl417U5Az6btrbnVS5C_NDMaWO05R7OMulfDn1_3An6s3j8UkxHDs-wZTw8Slmv2nSpyJSJ0TUXEBAivi_zFbVymJlC7cDxTSDzFCj1mYuwVzyBBdHu0TdxXqHrYUbJvH5g6956_c658Sc068rZUQHUiAhOk1H0BZ9SqI57zD3pswxzslBlUsdCi285cZ_cR-3JCijEFeFgn74qgRWb89jF9v5AGfr_MTsb4c.Apzz0b2AQrjryeoLyF4drcvsLVMm1phD9CduA6UvQi4&dib_tag=se&keywords=women+watch&qid=1727248247&sr=8-55,https://m.media-amazon.com/images/I/614YBjSWD8L._AC_UL320_.jpg
Timex Women's Essex Ave 25mm Watch,No rating,28.,https://www.amazon.com/Timex-Womens-Avenue-Quartz-Leather/dp/B0977RCSS3/ref=sr_1_56?dib=eyJ2IjoiMSJ9.LKnE8Sz9g-hZCL8VszAHgTxuWB41q_ZxCQiaRag23YNrwP0O6PcVE6Tu1xqcQl9FrSBp1vZl417U5Az6btrbnVS5C_NDMaWO05R7OMulfDn1_3An6s3j8UkxHDs-wZTw8Slmv2nSpyJSJ0TUXEBAivi_zFbVymJlC7cDxTSDzFCj1mYuwVzyBBdHu0TdxXqHrYUbJvH5g6956_c658Sc068rZUQHUiAhOk1H0BZ9SqI57zD3pswxzslBlUsdCi285cZ_cR-3JCijEFeFgn74qgRWb89jF9v5AGfr_MTsb4c.Apzz0b2AQrjryeoLyF4drcvsLVMm1phD9CduA6UvQi4&dib_tag=se&keywords=women+watch&qid=1727248247&sr=8-56,https://m.media-amazon.com/images/I/71StX0FceBL._AC_UL320_.jpg
Timex Women's Cavatina 18mm Watch,No rating,34.,https://www.amazon.com/Timex-Womens-T21912-Cavatina-Leather/dp/B0000UIUNE/ref=sr_1_57?dib=eyJ2IjoiMSJ9.LKnE8Sz9g-hZCL8VszAHgTxuWB41q_ZxCQiaRag23YNrwP0O6PcVE6Tu1xqcQl9FrSBp1vZl417U5Az6btrbnVS5C_NDMaWO05R7OMulfDn1_3An6s3j8UkxHDs-wZTw8Slmv2nSpyJSJ0TUXEBAivi_zFbVymJlC7cDxTSDzFCj1mYuwVzyBBdHu0TdxXqHrYUbJvH5g6956_c658Sc068rZUQHUiAhOk1H0BZ9SqI57zD3pswxzslBlUsdCi285cZ_cR-3JCijEFeFgn74qgRWb89jF9v5AGfr_MTsb4c.Apzz0b2AQrjryeoLyF4drcvsLVMm1phD9CduA6UvQi4&dib_tag=se&keywords=women+watch&qid=1727248247&sr=8-57,https://m.media-amazon.com/images/I/71SV-VA7fLS._AC_UL320_.jpg
Nine West Women's Bracelet Watch,No rating,Price not available,https://www.amazon.com/Nine-West-Womens-Bracelet-Watch/dp/B0BX7DD7N1/ref=sr_1_58?dib=eyJ2IjoiMSJ9.LKnE8Sz9g-hZCL8VszAHgTxuWB41q_ZxCQiaRag23YNrwP0O6PcVE6Tu1xqcQl9FrSBp1vZl417U5Az6btrbnVS5C_NDMaWO05R7OMulfDn1_3An6s3j8UkxHDs-wZTw8Slmv2nSpyJSJ0TUXEBAivi_zFbVymJlC7cDxTSDzFCj1mYuwVzyBBdHu0TdxXqHrYUbJvH5g6956_c658Sc068rZUQHUiAhOk1H0BZ9SqI57zD3pswxzslBlUsdCi285cZ_cR-3JCijEFeFgn74qgRWb89jF9v5AGfr_MTsb4c.Apzz0b2AQrjryeoLyF4drcvsLVMm1phD9CduA6UvQi4&dib_tag=se&keywords=women+watch&qid=1727248247&sr=8-58,https://m.media-amazon.com/images/I/71oZZZiIHOL._AC_UL320_.jpg
"Armitron Sport Women's Digital Chronograph Resin Strap Watch, 45/7012",No rating,12.,https://www.amazon.com/Armitron-Sport-45-7012PRSV-Silver-Tone/dp/B00Y2S944E/ref=sr_1_59?dib=eyJ2IjoiMSJ9.LKnE8Sz9g-hZCL8VszAHgTxuWB41q_ZxCQiaRag23YNrwP0O6PcVE6Tu1xqcQl9FrSBp1vZl417U5Az6btrbnVS5C_NDMaWO05R7OMulfDn1_3An6s3j8UkxHDs-wZTw8Slmv2nSpyJSJ0TUXEBAivi_zFbVymJlC7cDxTSDzFCj1mYuwVzyBBdHu0TdxXqHrYUbJvH5g6956_c658Sc068rZUQHUiAhOk1H0BZ9SqI57zD3pswxzslBlUsdCi285cZ_cR-3JCijEFeFgn74qgRWb89jF9v5AGfr_MTsb4c.Apzz0b2AQrjryeoLyF4drcvsLVMm1phD9CduA6UvQi4&dib_tag=se&keywords=women+watch&qid=1727248247&sr=8-59,https://m.media-amazon.com/images/I/71j0nFQ4NqL._AC_UL320_.jpg
Nine West Women's Mesh Bracelet Watch,No rating,18.,https://www.amazon.com/Nine-Womens-Sunray-Bracelet-Watch/dp/B06XDMBBFK/ref=sr_1_60?dib=eyJ2IjoiMSJ9.LKnE8Sz9g-hZCL8VszAHgTxuWB41q_ZxCQiaRag23YNrwP0O6PcVE6Tu1xqcQl9FrSBp1vZl417U5Az6btrbnVS5C_NDMaWO05R7OMulfDn1_3An6s3j8UkxHDs-wZTw8Slmv2nSpyJSJ0TUXEBAivi_zFbVymJlC7cDxTSDzFCj1mYuwVzyBBdHu0TdxXqHrYUbJvH5g6956_c658Sc068rZUQHUiAhOk1H0BZ9SqI57zD3pswxzslBlUsdCi285cZ_cR-3JCijEFeFgn74qgRWb89jF9v5AGfr_MTsb4c.Apzz0b2AQrjryeoLyF4drcvsLVMm1phD9CduA6UvQi4&dib_tag=se&keywords=women+watch&qid=1727248247&sr=8-60,https://m.media-amazon.com/images/I/9183p+ExCVL._AC_UL320_.jpg
